"site","COVERTYPE","LRU2","drain","chem","text","form","ntrees","prop","Abies","Acer","Aesculus","Alnus","Betula","Carya","Castanea","Celtis","Cercis","Cornus","Crataegus","Cupressaceae","Fagus","Fraxinus","Juglans","Larix","Morus","NyssaLiquidambar","OstryaCarpinus","Picea","Pinus","Platanus","PopLirio","Prunus","Quercus","RobiniaGleditsia","Salix","Sassafras","Thuja","Tilia","Tsuga","Ulmus"
"97A moist typic loamy plains","BEECH-SUGAR MAPLE FOREST","97A","moist","typic","loamy","plains",987,79.1,0,22.1,0,0,0.3,1,0,0,0,0,0,0,52.5,5.2,0,0,0,0,1.9,0,0.2,0.2,0.2,1,2.5,0,0,0,0,6.1,1,5.8
"97A moist typic loamy floodplain","BEECH-SUGAR MAPLE FOREST","97A","moist","typic","loamy","floodplain",114,63,0,16.7,0,0,0,0.9,0,0,0,0,0,0,42.1,10.5,0,0,0,0,1.8,0,1.8,2.6,0,0.9,4.4,0,0,0.9,0,8.8,1.8,7
"97A dry typic loamy plains","BEECH-SUGAR MAPLE FOREST","97A","dry","typic","loamy","plains",832,71.2,0,21.6,0,0,0.4,0.6,0,0,0,0,0.2,0,53.2,4.8,0.5,0.4,0,0.1,1.9,0,0.2,0,2.2,0.2,4.3,0,0,0.2,0,4.7,0.7,3.6
"97A moist euic sandy plains","BEECH-SUGAR MAPLE FOREST","97A","moist","euic","sandy","plains",256,45.6,0,12.9,0,0,2,0.8,0,0,0,0,0,0,55.5,5.5,0,0,0,0.4,1.6,0,0.4,0,1.6,0,2,0,0,0.4,0,4.7,5.1,7.4
"96B moist dysic sandy plains","MIXED CONIFER SWAMP","96B","moist","dysic","sandy","plains",116,10.1,0,10.3,0,0,0.9,0,0,0,0,0,0,0,18.1,5.2,0,6,0,0,0,1.7,19.8,0,0.9,0,1.7,0,1.7,0,4.3,0.9,26.7,1.7
"96B dry spodic sandy plains","WHITE PINE-RED PINE FOREST","96B","dry","spodic","sandy","plains",223,10.6,0,7.2,0,0,0.9,0,0,0,0,0,0,0,14.3,0.4,0,0,0,0,0,0.9,52.9,0,1.8,0,15.2,0,0,0,2.2,0,3.1,0.9
"96B dry rich sandy plains","BEECH-SUGAR MAPLE-HEMLOCK FOREST","96B","dry","rich","sandy","plains",627,60.7,0,13.4,0,0.2,1.3,0,0,0,0,0,0,0,63.5,1.3,0,0.2,0,0,1.4,0.8,1.9,0,0.6,0,0.8,0,0,0,0.5,0.6,11,2.6
"96B dry spodic sandy plains","BEECH-SUGAR MAPLE-HEMLOCK FOREST","96B","dry","spodic","sandy","plains",906,43,0,12.1,0,0,1.5,0,0,0,0,0,0,0,63.8,0.4,0,0,0,0,0.2,0.4,2.9,0,0.2,0.1,1.1,0,0,0,1.5,1.5,12.7,1.3
"96B dry typic sandy plains","BEECH-SUGAR MAPLE-HEMLOCK FOREST","96B","dry","typic","sandy","plains",728,14.4,0,15.7,0,0,0.5,0,0,0,0,0,0,0,60.7,0.5,0,0,0,0,0.8,0,3.2,0,0.1,0,1.2,0,0,0,0.4,0.8,15,1
"96B dry typic loamy plains","BEECH-SUGAR MAPLE-HEMLOCK FOREST","96B","dry","typic","loamy","plains",665,58.4,0,13.1,0,0,1.2,0,0,0,0,0,0,0,66.6,2.3,0,0.6,0,0,1.5,0.6,1.2,0,0,0,0.6,0,0,0,0.3,1.4,9.3,1.4
"96B moist dysic sandy plains","BEECH-SUGAR MAPLE-HEMLOCK FOREST","96B","moist","dysic","sandy","plains",447,39.1,0,9.4,0,0,1.8,0,0,0,0,0,0,0,52.8,2,0,0,0,0,0,0,3.4,0,0.7,0,0.9,0,0,0,1.8,0.2,26.6,0.4
"96B moist euic sandy plains","BEECH-SUGAR MAPLE-HEMLOCK FOREST","96B","moist","euic","sandy","plains",163,34.6,0,17.2,0,0,5.5,0,0,0,0,0,0,0,38.7,8,0,0,0,0,0.6,0,3.7,0,0,0,0,0,0.6,0,0.6,1.2,22.1,1.8
"96B wet euic mucky plains","CEDAR SWAMP","96B","wet","euic","mucky","plains",127,37,0.8,5.5,0,0,5.5,0,0,0,0,0,0,0,3.1,15,0,7.1,0,0,0,0,0.8,0,0,0,0.8,0,0,0,42.5,1.6,15.7,1.6
"96B moist typic loamy plains","BEECH-SUGAR MAPLE-HEMLOCK FOREST","96B","moist","typic","loamy","plains",506,61.5,0,12.8,0,0,1,0,0,0,0,0,0,0,56.3,3.8,0,1,0,0.2,0.8,1,0.6,0,0,0,0.4,0,0.2,0,0.6,1.6,17,2.8
"96B wet typic loamy plains","CEDAR SWAMP","96B","wet","typic","loamy","plains",107,27.2,0.9,3.7,0,0,3.7,0,0,0,0,0,0,0,1.9,4.7,0,11.2,0,0,0,0.9,1.9,0,0.9,0,0,0,0,0,56.1,1.9,12.1,0
"96B dry typic loamy plains","WHITE PINE-MIXED HARDWOOD FOREST","96B","dry","typic","loamy","plains",204,17.9,0,15.7,0,0,2.5,0,0,0,0,0,0,0,59.8,2,0,1.5,0,0,0.5,0,8.8,0,0,0,2.5,0,0,0,0.5,0,6.4,0
"96B dry rich sandy plains","WHITE PINE-MIXED HARDWOOD FOREST","96B","dry","rich","sandy","plains",182,17.6,0,13.2,0,0,1.6,0,0,0,0,0,0,0,58.2,2.2,0,1.1,0,0,1.1,0,12.6,0,0,0,2.2,0,0,0,0.5,0.5,5.5,1.1
"96B dry typic sandy plains","WHITE PINE-MIXED HARDWOOD FOREST","96B","dry","typic","sandy","plains",673,13.3,0,10.1,0,0,1,0,0,0,0,0,0,0,42.5,0.6,0,0.1,0,0,0.4,0.3,25.9,0,0.6,0.1,10.7,0,0,0,0.9,0,6.4,0.3
"96B dry spodic sandy plains","WHITE PINE-MIXED HARDWOOD FOREST","96B","dry","spodic","sandy","plains",430,20.4,0,14,0,0,0,0,0,0,0,0,0,0,44,0.7,0,0.2,0,0,0.2,0,24.9,0.2,0.2,0.2,7.9,0,0,0,0.2,0.2,6.3,0.7
"96B dry typic sandy plains","WHITE PINE-RED PINE FOREST","96B","dry","typic","sandy","plains",839,16.6,0,2.6,0,0,0,0,0,0,0,0,0,0,5.1,0,0,0,0,0,0,0,69.2,0,0.8,0,19.9,0,0,0,0.8,0,1.4,0
"96B dry super spodic sandy plains","BEECH-SUGAR MAPLE-HEMLOCK FOREST","96B","dry","super spodic","sandy","plains",110,82.1,0,11.8,0,0,0,0,0,0,0,0,0,0,60,2.7,0,0,0,0,0,0,3.6,0,0,0,0.9,0,0,0,1.8,0.9,17.3,0.9
"96B dry typic sandy plains","HEMLOCK-WHITE PINE FOREST","96B","dry","typic","sandy","plains",159,3.1,0,5,0,0.6,0,0,0,0,0,0,0,0,25.2,0,0,0.6,0,0,0,0,28.9,0,3.1,0,13.8,0,0,0,1.3,0,21.4,0
"96B dry spodic sandy plains","HEMLOCK-WHITE PINE FOREST","96B","dry","spodic","sandy","plains",170,8.1,0,9.4,0,0,1.8,0,0,0,0,0,0,0,27.6,0.6,0,0,0,0,0,1.2,16.5,0,1.2,0,12.9,0,0,0,0,0,28.8,0
"96B moist dysic sandy plains","WHITE PINE-MIXED HARDWOOD FOREST","96B","moist","dysic","sandy","plains",137,12,0,19.7,0,0,3.6,0,0,0,0,0,0,0,46,2.2,0,1.5,0,0,1.5,0,13.1,0,0,0,5.1,0,0,0,0,0,7.3,0
"96B dry spodic sandy plains","WHITE PINE-WHITE OAK FOREST","96B","dry","spodic","sandy","plains",168,8,0,10.1,0,0,0,0,0,0,0,0,0,0,15.5,0,0,0,0,0,0,0,43.5,0,3,0,26.2,0,0,0,0.6,0,1.2,0
"96B dry typic sandy plains","WHITE PINE-WHITE OAK FOREST","96B","dry","typic","sandy","plains",1204,23.9,0,2.5,0,0,0.3,0,0,0,0,0,0,0,4.6,0.4,0,0,0,0,0,0,46.8,0,1.6,0.1,42.6,0,0,0,0.3,0,0.6,0.2
"96B dry typic sandy plains","OAK/PINE BARRENS","96B","dry","typic","sandy","plains",253,5,0,0.4,0,0,0,0,0,0,0,0,0,0,0,0.8,0,0,0,0,0,0,49,0,1.6,0,47.8,0,0,0,0,0,0,0.4
"96B dry typic loamy plains","WHITE PINE-WHITE OAK FOREST","96B","dry","typic","loamy","plains",109,9.6,0,9.2,0,0,0.9,0,0,0,0,0,0,0,9.2,0,0,0,0,0,0,0,28.4,0,3.7,0,47.7,0,0,0,0,0,0,0.9
"94C moist dysic sandy plains","MIXED CONIFER SWAMP","94C","moist","dysic","sandy","plains",108,16.3,1.9,0,0,0,4.6,0,0,0,0,0,0,0,0,1.9,0,13.9,0,0,0,10.2,14.8,0,8.3,0,0.9,0,0.9,0,25,0,17.6,0
"94C moist euic sandy plains","MIXED CONIFER SWAMP","94C","moist","euic","sandy","plains",132,28.4,4.5,2.3,0,0,4.5,0,0,0,0,0,0,0,4.5,0.8,0,22.7,0,0,0,4.5,19.7,0,9.8,0,0,0,0,0,18.9,0,7.6,0
"94C moist euic sandy plains","CEDAR SWAMP","94C","moist","euic","sandy","plains",143,30.8,2.1,3.5,0,0,2.8,0,0,0,0,0,0,0,2.8,9.8,0,10.5,0,0,0,2.8,7,0,2.1,0,0,0,0,0,37.8,0.7,17.5,0.7
"94C wet euic sandy plains","CEDAR SWAMP","94C","wet","euic","sandy","plains",122,34.7,0.8,3.3,0,0,10.7,0,0,0,0,0,0,0,1.6,2.5,0,13.1,0,0,0,4.1,6.6,0,0.8,0,0,0,0,0,39.3,0,16.4,0.8
"94C wet typic loamy plains","MIXED CONIFER SWAMP","94C","wet","typic","loamy","plains",118,18.5,3.4,2.5,0,0,4.2,0,0,0,0,0,0,0,3.4,5.1,0,20.3,0,0,0,8.5,13.6,0,5.9,0,0,0,0,0,24.6,0,8.5,0
"94C dry typic sandy plains","WHITE PINE-RED PINE FOREST","94C","dry","typic","sandy","plains",105,23.3,0,4.8,0,0,1.9,0,0,0,0,0,0,0,1,1,0,2.9,0,0,0,1.9,72.4,0,2.9,0,3.8,0,0,0,2.9,0,3.8,1
"94C wet euic mucky plains","MIXED CONIFER SWAMP","94C","wet","euic","mucky","plains",470,42,4.3,1.3,0,0.2,5.3,0,0,0,0,0,0,0,1.9,4.3,0,33.4,0,0,0.2,7.2,5.5,0,1.9,0,0.2,0,0,0,29.6,0.2,4.5,0
"94C wet euic sandy plains","MIXED CONIFER SWAMP","94C","wet","euic","sandy","plains",127,36.1,1.6,2.4,0,0,6.3,0,0,0,0,0,0,0,7.1,2.4,0,27.6,0,0,0,6.3,7.9,0,5.5,0,0,0,0.8,0,26,0,6.3,0
"94C moist dysic sandy plains","BEECH-SUGAR MAPLE-HEMLOCK FOREST","94C","moist","dysic","sandy","plains",201,30.3,1,18.9,0,0,5,0,0,0,0,0,0,0,31.8,3,0,3,0,0,0,1,3.5,0,2.5,0,1.5,0,0,0,6.5,2.5,17.9,2
"94C dry spodic sandy plains","BEECH-SUGAR MAPLE-HEMLOCK FOREST","94C","dry","spodic","sandy","plains",675,50.8,0.4,22.1,0,0,4.1,0,0,0,0,0,0,0,37,0.6,0,1.3,0,0,0.1,0.6,5.6,0,0.9,0.1,0.6,0,0,0,4,1.9,19.4,1
"94C wet euic mucky plains","CEDAR SWAMP","94C","wet","euic","mucky","plains",552,49.3,3.6,1.6,0,0,3.4,0,0,0,0,0,0,0,3.6,3.4,0,16.1,0,0,0,4.7,4.5,0,1.1,0,0,0,0,0,50.4,0,7.2,0.2
"94C moist typic loamy plains","CEDAR SWAMP","94C","moist","typic","loamy","plains",419,30,2.9,7.2,0,0,7.6,0,0,0,0,0,0,0,5.3,5.5,0,5,0,0,0.2,2.4,8.6,0,2.1,0,0,0,0,0,39.6,1,10.3,2.4
"94C moist typic loamy plains","MIXED CONIFER SWAMP","94C","moist","typic","loamy","plains",169,12.1,3.6,1.8,0,0,4.1,0,0,0,0,0,0,0,3,1.8,0,22.5,0,0,0,4.7,16,0,9.5,0,0,0,0.6,0,25.4,0.6,5.3,1.2
"94C dry super spodic sandy plains","BEECH-SUGAR MAPLE-HEMLOCK FOREST","94C","dry","super spodic","sandy","plains",107,68.6,1.9,21.5,0,0,6.5,0,0,0,0,0,0,0,35.5,0.9,0,0.9,0,0,0.9,0.9,0,0,1.9,0.9,0,0,0,0,1.9,1.9,23.4,0.9
"94C moist dysic sandy plains","CEDAR SWAMP","94C","moist","dysic","sandy","plains",110,16.6,3.6,5.5,0,0,7.3,0,0,0,0,0,0,0,4.5,0.9,0,9.1,0,0,0,5.5,5.5,0,1.8,0.9,0,0,0.9,0,40.9,0,13.6,0
"94C wet typic loamy plains","CEDAR SWAMP","94C","wet","typic","loamy","plains",291,45.5,2.1,2.7,0,0,2.4,0,0,0,0,0,0,0,3.4,6.5,0,9.6,0,0,0,3.4,3.4,0,3.4,0,0.3,0,0,0,50.5,0,10.7,1.4
"94C dry typic sandy plains","JACK PINE-RED PINE FOREST","94C","dry","typic","sandy","plains",208,46.2,0.5,0.5,0,0,0.5,0,0,0,0,0,0,0,0,0,0,2.9,0,0,0,1.4,91.3,0,0.5,0,1,0,0,0,1.4,0,0,0
"94C dry spodic sandy plains","WHITE PINE-RED PINE FOREST","94C","dry","spodic","sandy","plains",195,14.7,0,1,0,0,1,0,0,0,0,0,0,0,2.6,0,0,0.5,0,0,0.5,0,79,0,3.1,0,5.1,0,0,0,4.6,0,2.6,0
"94C dry spodic sandy plains","JACK PINE-RED PINE FOREST","94C","dry","spodic","sandy","plains",184,13.8,0,1.6,0,0,1.1,0,0,0,0,0,0,0,0.5,0,0,5.4,0,0,0,2.2,81.5,0,2.2,0,1.1,0,0,0,2.7,0,1.6,0
"94C moist typic loamy plains","BEECH-SUGAR MAPLE-HEMLOCK FOREST","94C","moist","typic","loamy","plains",372,26.6,2.4,13.7,0,0,7.5,0,0,0,0,0,0,0,24.2,3,0,2.7,0,0,0.8,0.5,4,0,2.7,0,0,0,0,0,19.4,0.8,17.2,1.1
"94C dry typic loamy plains","BEECH-SUGAR MAPLE-HEMLOCK FOREST","94C","dry","typic","loamy","plains",586,65.3,1.2,19.3,0,0,4.1,0,0,0,0,0,0,0,37.7,1.5,0,0.3,0,0,0.5,1,1,0,0.7,0,0.2,0,0,0,11.6,0.7,18.9,1.2
"94AB dry typic loamy plains","BEECH-SUGAR MAPLE-HEMLOCK FOREST","94AB","dry","typic","loamy","plains",1401,56.7,0.7,16.7,0,0,3.6,0.1,0,0,0,0,0,0,33.3,1.6,0,1.2,0,0,0.7,0.8,5.8,0,1,0.1,0.6,0,0,0,6.1,2,24.7,1.1
"94C dry typic loamy plains","CEDAR SWAMP","94C","dry","typic","loamy","plains",116,12.9,4.3,2.6,0,0,5.2,0,0,0,0,0,0,0,6.9,2.6,0,6,0,0,0,2.6,6.9,0,0.9,0,0,0,0,0,44,0,17.2,0.9
"94AB moist typic loamy plains","BEECH-SUGAR MAPLE-HEMLOCK FOREST","94AB","moist","typic","loamy","plains",1123,34,0.8,14.7,0,0.2,4.4,0,0,0,0,0,0,0,34.5,2.7,0,2.3,0,0,0.5,0.7,5.9,0,1.5,0,0.3,0,0,0,6,1.3,23.2,1.1
"94AB dry typic loamy plains","MIXED CONIFER SWAMP","94AB","dry","typic","loamy","plains",111,4.5,0,9.9,0,0,4.5,0,0,0,0,0,0,0,3.6,2.7,0,9.9,0,0,0,5.4,22.5,0,2.7,0,1.8,0,0,0,16.2,0,18,2.7
"94AB dry typic loamy plains","CEDAR SWAMP","94AB","dry","typic","loamy","plains",118,4.8,0,5.9,0,0.8,1.7,0,0,0,0,0,0,0,8.5,1.7,0,1.7,0,0,0,2.5,18.6,0,4.2,0,0,0,0,0,32.2,0,19.5,2.5
"94AB moist typic loamy plains","MIXED CONIFER SWAMP","94AB","moist","typic","loamy","plains",315,9.5,4.8,6,0,0,3.2,0,0,0,0,0,0,0,7.3,3.2,0,14.3,0,0,0.3,4.4,13.7,0,6.7,0,0.6,0,0,0,18.7,0.3,15.6,1
"94AB moist dysic sandy plains","CEDAR SWAMP","94AB","moist","dysic","sandy","plains",247,10.6,5.7,2.4,0,0,5.7,0,0,0,0,0,0,0,2.8,2.4,0,10.1,0,0,0,2.8,13.8,0,6.1,0,0,0,0,0,32,0,13.8,2.4
"94AB wet typic loamy plains","CEDAR SWAMP","94AB","wet","typic","loamy","plains",152,17.4,4.6,3.9,0,0,4.6,0,0,0,0,0,0,0,3.9,6.6,0,8.6,0,0,0.7,5.3,10.5,0,4.6,0,1.3,0,0,0,30.3,0,15.1,0
"94AB wet euic mucky plains","CEDAR SWAMP","94AB","wet","euic","mucky","plains",758,33.4,3.7,3,0,0.1,4.4,0,0,0,0,0,0,0,2.5,1.7,0,17.4,0,0,0.3,5.1,8.8,0,2.4,0,0.1,0,0.1,0,43.3,0.3,6.5,0.3
"94AB dry typic loamy plains","HEMLOCK-WHITE PINE FOREST","94AB","dry","typic","loamy","plains",274,11.1,1.5,13.9,0,0.7,5.5,0,0,0,0,0,0,0,6.2,5.5,0,2.9,0,0,1.1,0.7,11.3,0,4.7,0,1.5,0,0,0,4.4,1.8,36.5,1.8
"94AB dry spodic sandy plains","BEECH-SUGAR MAPLE-HEMLOCK FOREST","94AB","dry","spodic","sandy","plains",869,31.7,0.2,17.3,0,0,3.3,0,0,0,0,0,0,0,33.5,1.2,0,1.3,0,0,0.2,0.2,10.2,0,1.3,0,1,0,0,0,6.6,1,22.4,0.2
"94AB wet typic loamy plains","MIXED CONIFER SWAMP","94AB","wet","typic","loamy","plains",333,38.1,3.9,2.7,0,0.3,6.6,0,0,0,0,0,0,0,2.4,6.3,0,28.8,0,0,0,4.5,14.1,0,5.1,0,0.3,0,0.3,0,17.1,0.3,6,1.2
"94C moist typic loamy plains","SPRUCE-FIR-CEDAR FOREST","94C","moist","typic","loamy","plains",208,14.9,3.8,6.2,0,0,6.7,0,0,0,0,0,0,0,4.3,3.8,0,4.8,0,0,0,1.9,12,0,1.4,0,0,0,0,0,31.7,0.5,21.6,1
"94AB wet euic mucky plains","MIXED CONIFER SWAMP","94AB","wet","euic","mucky","plains",1160,51.1,2.3,2.4,0,0.1,5,0,0,0,0,0,0,0,1.8,3.3,0,29.9,0,0,0,8.9,12.3,0,2.7,0,0.3,0,0.2,0,23.2,0.2,7.3,0.2
"94AB moist typic loamy plains","CEDAR SWAMP","94AB","moist","typic","loamy","plains",560,17,5.9,4.1,0,0.5,5.9,0,0,0,0,0,0,0,5.7,2,0,10.2,0,0,0,2.9,5.7,0,5.7,0,0.4,0,0,0,34.8,0.9,14.6,0.7
"94AB dry spodic sandy plains","JACK PINE-RED PINE FOREST","94AB","dry","spodic","sandy","plains",422,15.4,0.2,0.9,0,0,0,0,0,0,0,0,0,0,0.2,0.2,0,2.1,0,0,0.2,2.8,82.5,0,2.6,0,3.6,0,0,0,3.3,0,1.2,0
"94AB moist euic sandy plains","BEECH-SUGAR MAPLE-HEMLOCK FOREST","94AB","moist","euic","sandy","plains",156,15,0.6,9,0,0,7.7,0,0,0,0,0,0,0,25.6,1.9,0,1.3,0,0,1.3,2.6,7.1,0,3.8,0.6,0.6,0,0,0,13.5,0.6,23.7,0
"94AB dry typic sandy plains","MIXED CONIFER SWAMP","94AB","dry","typic","sandy","plains",123,1.1,2.4,2.4,0,0,8.1,0,0,0,0,0,0,0,1.6,2.4,0,22.8,0,0,0,5.7,35.8,0,7.3,0,2.4,0,0,0,6.5,0,2.4,0
"94AB moist dysic sandy plains","JACK PINE-RED PINE FOREST","94AB","moist","dysic","sandy","plains",320,13.7,1.6,2.5,0,0,2.2,0,0,0,0,0,0,0,0.6,0.6,0,3.4,0,0,0,0.9,81.2,0,3.4,0.3,1.6,0,0,0,1.2,0,0.3,0
"94AB dry typic sandy plains","JACK PINE-RED PINE FOREST","94AB","dry","typic","sandy","plains",4879,43.4,0.1,0.3,0,0,0.5,0,0,0,0,0,0,0,0.2,0,0,0.6,0,0,0,0.6,90.9,0,2.2,0,3.5,0,0,0,0.8,0.1,0.3,0
"94AB dry rich sandy plains","BEECH-SUGAR MAPLE-HEMLOCK FOREST","94AB","dry","rich","sandy","plains",319,33,0.3,18.2,0,0,2.8,0,0,0,0,0,0,0,43.3,0.3,0,0,0,0,0.6,0.6,6.9,0,1.6,0,0.6,0,0,0,1.6,1.3,21.9,0
"94AB wet euic sandy plains","CEDAR SWAMP","94AB","wet","euic","sandy","plains",130,27.4,3.1,3.8,0,0,7.7,0,0,0,0,0,0,0,2.3,3.8,0,13.1,0,0,0,2.3,9.2,0,4.6,0,0,0,0,0,40.8,0.8,8.5,0
"94AB moist euic sandy plains","CEDAR SWAMP","94AB","moist","euic","sandy","plains",177,17.1,5.1,3.4,0,0,4,0,0,0,0,0,0,0,3.4,1.7,0,13.6,0,0,0,2.8,9.6,0,5.1,0,1.1,0,0,0,35.6,0.6,13,1.1
"94AB moist dysic sandy plains","HEMLOCK-WHITE PINE FOREST","94AB","moist","dysic","sandy","plains",384,16.4,1.8,6,0,0,4.4,0,0,0,0,0,0,0,8.6,4.7,0.3,3.6,0,0,0.3,1.8,22.7,0,2.6,0,1.3,0,0,0,6,0.3,35.2,0.5
"94AB dry spodic sandy plains","HEMLOCK-WHITE PINE FOREST","94AB","dry","spodic","sandy","plains",312,11.4,0.6,6.1,0,0,0.6,0,0,0,0,0,0,0,18.6,1.6,0,0.3,0,0,0,0.6,28.5,0,2.6,0,2.6,0,0,0,3.8,1,32.4,0.6
"94AB moist dysic sandy plains","MIXED CONIFER SWAMP","94AB","moist","dysic","sandy","plains",288,12.3,2.4,3.8,0,0,6.9,0,0,0,0,0,0,0,3.5,4.9,0,19.4,0,0,0,8.7,18.8,0,5.2,0,0,0,0,0,14.2,0,12.2,0
"94AB dry typic sandy plains","WHITE PINE-RED PINE FOREST","94AB","dry","typic","sandy","plains",2443,21.7,0.5,2.4,0,0,1.6,0,0,0,0,0,0,0,3.4,0.1,0,1.1,0,0,0.2,0.4,77.2,0,3.5,0,6.1,0,0,0,1.2,0,2.5,0
"94AB dry spodic sandy plains","WHITE PINE-RED PINE FOREST","94AB","dry","spodic","sandy","plains",820,29.9,0.6,4.4,0,0,2.7,0,0,0,0,0,0,0,6.5,0.2,0,1.1,0,0,0.1,1.2,68.7,0,3.4,0.1,3.3,0,0,0,2.6,0.1,4.9,0.1
"94AB moist typic loamy plains","HEMLOCK-WHITE PINE FOREST","94AB","moist","typic","loamy","plains",627,19,3,13.1,0,0.2,4.5,0,0,0,0,0,0,0,14,4,0,2.7,0,0,0,0.8,14.5,0,2.4,0,0.3,0,0,0,4.8,0.8,32.7,2.2
"94AB dry typic loamy plains","WHITE PINE-RED PINE FOREST","94AB","dry","typic","loamy","plains",227,9.2,0.4,7,0,0,2.6,0,0,0,0,0,0,0,8.4,0.4,0,3.1,0,0,0,0,57.3,0,1.3,0,7,0,0,0,2.6,0,9.7,0
"94AB wet dysic mucky plains","MIXED CONIFER SWAMP","94AB","wet","dysic","mucky","plains",144,56.9,2.1,1.4,0,0,2.1,0,0,0,0,0,0,0,0,0.7,0,34.7,0,0,0,21.5,24.3,0,0,0,0,0,0,0,9,0,4.2,0
"94AB moist euic sandy plains","MIXED CONIFER SWAMP","94AB","moist","euic","sandy","plains",222,21.4,5.4,5.4,0,0,5.4,0,0,0,0,0,0,0,2.7,5.9,0,22.1,0,0,0,6.3,15.3,0,5,0,0.5,0,0,0,15.3,0,9.9,0.9
"94AB dry rich sandy plains","JACK PINE-RED PINE FOREST","94AB","dry","rich","sandy","plains",188,19.4,0,1.1,0,0,1.6,0,0,0,0,0,0,0,0,0,0,0.5,0,0,0,0,91.5,0,2.7,0,1.6,0,0,0,0,0,1.1,0
"94AB moist typic loamy plains","WHITE PINE-RED PINE FOREST","94AB","moist","typic","loamy","plains",190,5.8,0.5,7.9,0,0,4.7,0,0,0,0,0,0,0,8.4,0.5,0,4.2,0,0,0.5,1.1,44.2,0,7.4,0,5.8,0,0,0,5.3,0.5,8.4,0.5
"94AB moist dysic sandy plains","BEECH-SUGAR MAPLE-HEMLOCK FOREST","94AB","moist","dysic","sandy","plains",380,16.3,1.3,15,0,0,4.2,0,0,0,0,0,0,0,26.6,1.6,0,2.4,0,0,0,0,7.4,0,2.6,0,0.3,0,0,0,6.3,0.3,31.3,0.8
"94AB dry rich sandy plains","WHITE PINE-RED PINE FOREST","94AB","dry","rich","sandy","plains",228,23.6,0.4,4.8,0,0,1.3,0,0,0,0,0,0,0,3.1,0,0,1.3,0,0,0,1.3,63.2,0,9.6,0,8.3,0,0,0,0.9,0.4,5.3,0
"94AB wet typic loamy plains","LAKE/RIVER","94AB","wet","typic","loamy","plains",100,11.4,1,0,0,1,7,0,0,0,0,0,0,0,8,1,0,16,0,0,0,7,24,0,7,0,10,0,0,0,10,0,5,3
"94AB dry typic sandy plains","HEMLOCK-WHITE PINE FOREST","94AB","dry","typic","sandy","plains",315,2.8,0.3,7,0,0,4.4,0,0,0,0,0,0,0,13,1,0,1.6,0,0,0,0.6,27.3,0,2.5,0,3.8,0,0,0,7.3,0.6,29.5,1
"94AB moist dysic sandy plains","WHITE PINE-RED PINE FOREST","94AB","moist","dysic","sandy","plains",460,19.7,0.4,5.7,0,0,5.7,0,0,0,0,0,0,0,5.4,1.5,0,5.2,0,0,0,2.4,53.9,0,7.6,0,3,0,0.2,0,4.1,0,4.8,0
"94AB dry typic sandy plains","BEECH-SUGAR MAPLE-HEMLOCK FOREST","94AB","dry","typic","sandy","plains",1049,9.3,0.7,13.5,0,0,3.1,0,0,0,0,0,0,0,36.3,0.5,0,0.9,0,0,0.6,0.6,16.2,0,2.1,0,2.1,0,0,0,2.3,0.6,20.5,0.2
"94AB wet euic sandy plains","MIXED CONIFER SWAMP","94AB","wet","euic","sandy","plains",175,36.8,1.7,4,0,0,7.4,0,0,0,0,0,0,0,1.7,6.3,0,22.9,0,0,0,4,16,0,8,0,0.6,0,0,0,19.4,0,7.4,0.6
"94AB dry typic sandy plains","WHITE PINE-MIXED HARDWOOD FOREST","94AB","dry","typic","sandy","plains",116,1,0,12.9,0,0,4.3,0,0,0,0,0,0,0,31,0.9,0,1.7,0,0,0,0.9,26.7,0,1.7,0,3.4,0,0,0,1.7,0,13.8,0.9
"94AB dry typic loamy plains","JACK PINE-RED PINE FOREST","94AB","dry","typic","loamy","plains",117,4.7,0.9,2.6,0,0,0.9,0,0,0,0,0,0,0,0.9,0.9,0,4.3,0,0,0,0.9,76.1,0,2.6,0,4.3,0,0,0,3.4,0,2.6,0
"94AB dry typic sandy plains","PINE BARRENS","94AB","dry","typic","sandy","plains",1218,10.8,0.2,0.1,0,0.1,0.2,0,0,0,0,0,0,0,0,0,0,0.2,0,0,0,0.4,94.9,0,1.1,0,2.5,0,0,0,0.2,0,0.1,0.1
"94AB moist euic sandy plains","HEMLOCK-WHITE PINE FOREST","94AB","moist","euic","sandy","plains",167,16.1,2.4,14.4,0,0,5.4,0,0,0,0,0,0,0,2.4,3,0,1.8,0,0,0,1.2,25.7,0,0.6,0,0.6,0,0,0,7.8,0,32.3,2.4
"94AB dry typic sandy plains","ASPEN-BIRCH FOREST","94AB","dry","typic","sandy","plains",166,1.5,1.8,2.4,0,0,17.5,0,0,0,0,0,0,0,2.4,1.2,0,1.8,0,0,0,0,22.9,0,42.2,0,1.2,0,0,0,1.8,0,4.8,0
"94AB moist euic mucky plains","MIXED CONIFER SWAMP","94AB","moist","euic","mucky","plains",137,33.5,2.2,5.1,0,0,3.6,0,0,0,0,0,0,0,4.4,3.6,0,14.6,0,0,0,5.8,29.2,0,3.6,0.7,0.7,0,0,0,15.3,0,9.5,1.5
"94AB dry typic sandy plains","OAK/PINE BARRENS","94AB","dry","typic","sandy","plains",210,1.9,0,0,0,0,0,0,0,0,0,0,0,0,0,0,0,0,0,0,0,1,80.5,0,1.4,0,17.1,0,0,0,0,0,0,0
"94AB moist typic loamy plains","ASPEN-BIRCH FOREST","94AB","moist","typic","loamy","plains",142,4.3,5.6,3.5,0,0,16.2,0,0,0,0,0,0,0,1.4,1.4,0,6.3,0,0,0,0,9.2,0,33.8,0,0.7,0,0,0,5.6,0,14.8,1.4
"94AB dry typic sandy plains","MIXED PINE-OAK FOREST","94AB","dry","typic","sandy","plains",525,4.7,0,3.6,0,0,0.6,0,0,0,0,0,0,0,3,0,0,0.6,0,0,0,0.2,68.2,0,2.5,0,20.2,0,0,0,0,0,1.1,0
"94AA dry spodic sandy plains","BEECH-SUGAR MAPLE-HEMLOCK FOREST","94AA","dry","spodic","sandy","plains",5334,74.7,0.1,28.7,0,0,2.8,0,0,0,0,0,0,0,45.5,0.5,0,0.2,0,0,0.6,0.1,2.7,0,0.5,0.1,0.3,0,0,0,1.1,1.2,14,1.7
"94AA moist typic loamy plains","BEECH-SUGAR MAPLE-HEMLOCK FOREST","94AA","moist","typic","loamy","plains",733,66,0.3,21,0,0,3.8,0,0,0,0,0,0,0,35.6,3.8,0,2,0,0,0.8,0.1,1.2,0,0,0,0.1,0,0,0,2.5,1.9,23.9,2.9
"94AA dry super spodic sandy plains","BEECH-SUGAR MAPLE-HEMLOCK FOREST","94AA","dry","super spodic","sandy","plains",3839,95.5,0.1,33.4,0,0,4,0,0,0,0,0,0,0,41.4,0.5,0,0.2,0,0,0.6,0,0.8,0,0.3,0.4,0,0,0,0,0.8,1.9,13.1,2.4
"94AA dry spodic sandy slopes","BEECH-SUGAR MAPLE-HEMLOCK FOREST","94AA","dry","spodic","sandy","slopes",481,83.4,0.2,31.8,0,0,2.1,0,0,0,0,0,0,0,42.6,0.8,0,0.2,0,0,0.2,0,1.9,0,1.2,0.4,0,0,0,0,2.1,1.7,12.9,1.9
"94AA dry typic sandy plains","BEECH-SUGAR MAPLE-HEMLOCK FOREST","94AA","dry","typic","sandy","plains",2022,59.5,0.1,27,0,0,2.4,0,0,0,0,0,0,0,43.8,0.5,0,0.3,0,0,1.1,0.2,3,0,0.6,0.4,0.5,0,0,0,1.1,1.9,15.8,1.2
"94AA dry super spodic sandy slopes","BEECH-SUGAR MAPLE-HEMLOCK FOREST","94AA","dry","super spodic","sandy","slopes",294,98,0.7,25.9,0,0,4.4,0,0,0,0,0,0,0,44.9,0.3,0,0,0,0,0.7,0,0.3,0,0,0.3,0,0,0,0,3.7,1,16.7,1
"94AA dry spodic sandy plains","HEMLOCK-WHITE PINE FOREST","94AA","dry","spodic","sandy","plains",271,3.8,1.1,11.1,0,0,1.5,0,0,0,0,0,0,0,18.5,0.7,0,1.5,0,0,0,0.4,27.7,0,0.7,0,0.7,0,0,0,1.8,0.4,33.9,0
"94AA wet euic mucky plains","CEDAR SWAMP","94AA","wet","euic","mucky","plains",452,42.6,6.9,6.4,0,0.2,2.7,0,0,0,0,0,0,0,4.9,2.9,0,6.9,0,0,0,3.5,2.7,0,0,0,0,0,0,0,46.2,1.3,15.3,0.2
"94AA wet typic loamy plains","BEECH-SUGAR MAPLE-HEMLOCK FOREST","94AA","wet","typic","loamy","plains",108,25.6,0,21.3,0,0,4.6,0,0,0,0,0,0,0,20.4,2.8,0,0.9,0,0,3.7,0,0.9,0,0,0.9,0,0,0,0,4.6,0.9,36.1,2.8
"94AA dry typic loamy plains","BEECH-SUGAR MAPLE-HEMLOCK FOREST","94AA","dry","typic","loamy","plains",3552,82.9,0.2,26.5,0,0,2.5,0,0,0,0,0,0,0,44,2,0,0.4,0,0,1,0.2,1.2,0,0.2,0.3,0.1,0,0,0,1.7,1.7,16,2.1
"94AA dry typic sandy plains","HEMLOCK-WHITE PINE FOREST","94AA","dry","typic","sandy","plains",198,5.8,1.5,6.6,0,0,4,0,0,0,0,0,0,0,18.7,0,0,0.5,0,0,0,0.5,24.7,0,1.5,0,2,0,0,0,3.5,0,33.3,3
"94AA dry spodic sandy plains","WHITE PINE-RED PINE FOREST","94AA","dry","spodic","sandy","plains",513,7.2,0.6,2.1,0,0,0.6,0,0,0,0,0,0,0,7.2,0.2,0,0.8,0,0,0,0.2,75.8,0,1,0,4.7,0,0,0,2.1,0,4.5,0.2
"94AA wet euic mucky plains","MIXED CONIFER SWAMP","94AA","wet","euic","mucky","plains",408,38.4,1.7,6.4,0,1,4.2,0,0,0,0,0,0,0,6.1,5.6,0,20.3,0,0,0.2,6.6,7.4,0,1.2,0.2,0.2,0,0,0,20.1,0.2,17.9,0.5
"94AA moist euic mucky plains","BEECH-SUGAR MAPLE-HEMLOCK FOREST","94AA","moist","euic","mucky","plains",120,36.1,0,14.2,0,1.7,6.7,0,0,0,0,0,0,0,22.5,2.5,0,0,0,0,0,0.8,4.2,0,0,0,0,0,0,0,11.7,0.8,34.2,0.8
"94AA moist dysic sandy plains","BEECH-SUGAR MAPLE-HEMLOCK FOREST","94AA","moist","dysic","sandy","plains",371,57.2,0.3,18.9,0,0,4.6,0,0,0,0,0,0,0,31.5,2.2,0,1.9,0,0,1.1,0.5,4,0.3,1.1,0,0,0,0,0,5.9,1.6,24.5,1.6
"94AA dry typic sandy plains","WHITE PINE-RED PINE FOREST","94AA","dry","typic","sandy","plains",192,5.7,0,4.7,0,0,0,0,0,0,0,0,0,0,10.4,1,0,0,0,0,0,0,71.4,0,0,0,4.2,0,0,0,0,0,8.3,0
"96A dry typic sandy plains","BEECH-SUGAR MAPLE-HEMLOCK FOREST","96A","dry","typic","sandy","plains",404,71,0.5,20.3,0,0,3.5,0,0,0.5,0,0,0,0,46.8,0.7,0,0.7,0,0,0.2,0,3.7,0,0.5,0.5,1,0,0,0,3,2.2,14.1,1.7
"96A dry rich sandy plains","BEECH-SUGAR MAPLE-HEMLOCK FOREST","96A","dry","rich","sandy","plains",401,81.3,0.2,23.9,0,0,2.7,0,0,0,0,0,0,0,47.4,1.7,0,0.2,0,0,0.2,0,1,0,0.7,0,0.2,0,0.2,0,1.7,3.5,13.5,2.5
"96A dry spodic sandy plains","BEECH-SUGAR MAPLE-HEMLOCK FOREST","96A","dry","spodic","sandy","plains",1223,83.3,0.1,32.3,0,0,1.8,0,0,0,0,0,0,0,43.9,1.4,0,0.6,0,0,0.4,0,1.1,0,0.1,0.1,0.2,0,0,0,1.6,1.6,12.6,2.3
"96A dry super spodic sandy plains","BEECH-SUGAR MAPLE-HEMLOCK FOREST","96A","dry","super spodic","sandy","plains",1538,95.3,0,32.2,0,0,1.8,0,0,0,0,0,0,0,45.8,1.1,0,0,0,0,0.9,0,0.8,0,0,0.1,0.3,0,0,0,1,0.9,13.2,1.8
"96A moist dysic sandy plains","BEECH-SUGAR MAPLE-HEMLOCK FOREST","96A","moist","dysic","sandy","plains",150,58.4,2,14,0,0,4,0,0,0,0,0,0,0,36.7,3.3,0,0.7,0,0,0,0.7,2,0,0,0,0,0,0,0,4,0.7,30.7,1.3
"96A dry super spodic sandy slopes","BEECH-SUGAR MAPLE-HEMLOCK FOREST","96A","dry","super spodic","sandy","slopes",170,96.6,0,26.5,0,0,1.2,0,0,0,0,0,0,0,47.6,0.6,0,0,0,0,0.6,0,0,0,0,0,1.8,0,0,0,0,2.4,19.4,0
"96A dry typic loamy plains","BEECH-SUGAR MAPLE-HEMLOCK FOREST","96A","dry","typic","loamy","plains",1390,92.5,0.1,28.7,0,0,2.9,0,0,0,0,0,0,0,46.3,1.9,0,0.2,0,0,0.4,0,0.1,0,0,0,0.1,0,0,0,3.2,2.4,10.4,3
"94AA moist euic sandy plains","BEECH-SUGAR MAPLE-HEMLOCK FOREST","94AA","moist","euic","sandy","plains",124,40.4,0.8,12.1,0,0,5.6,0,0,0,0,0,0,0,38.7,0.8,0,0,0,0,1.6,0.8,4,0,0,0,0,0,0,0,1.6,0,32.3,1.6
"94AA dry rich sandy plains","BEECH-SUGAR MAPLE-HEMLOCK FOREST","94AA","dry","rich","sandy","plains",464,61.9,0,16.2,0,0.4,2.2,0.2,0,0,0,0,0,0.2,48.1,0.2,0,0.2,0,0,1.5,0.2,3.4,0,0.4,0,1.3,0,0,0,0.6,2.4,20.3,2.2
"96A moist typic loamy plains","BEECH-SUGAR MAPLE-HEMLOCK FOREST","96A","moist","typic","loamy","plains",138,63,1.4,24.6,0,0,8.7,0,0,0,0,0,0,0,35.5,2.9,0,0,0,0,0.7,0,0.7,0,0,0,0,0,0,0,5.1,1.4,14.5,4.3
"96A dry typic loamy slopes","BEECH-SUGAR MAPLE-HEMLOCK FOREST","96A","dry","typic","loamy","slopes",150,96.2,0.7,31.3,0,0,2,0,0,0,0,0,0,0,41.3,1.3,0,0,0,0,0.7,0,0,0,0,0,0,0,0,0,1.3,1.3,15.3,4.7
"96A wet euic mucky plains","MIXED CONIFER SWAMP","96A","wet","euic","mucky","plains",123,34.6,3.3,7.3,0,0,1.6,0,0,0,0,0,0,0,8.9,9.8,0,8.1,0,0,0,4.9,3.3,0,1.6,0,0,0,0,0,31.7,0,17.9,1.6
"96A wet euic mucky plains","CEDAR SWAMP","96A","wet","euic","mucky","plains",169,47.5,3.6,4.7,0,0,5.3,0,0,0,0,0,0,0,1.8,6.5,0,7.7,0,0,0,0.6,4.1,0,0,0,0,0,0,0,47.9,0,17.8,0
"96A dry spodic sandy slopes","BEECH-SUGAR MAPLE-HEMLOCK FOREST","96A","dry","spodic","sandy","slopes",188,97.9,0,34,0,0,0.5,0,0,0,0,0,0,0,42.6,2.1,0,0,0,0,1.6,0,0,0,0,0,0,0,0,0,1.6,2.7,12.8,2.1
"94AA dry typic sandy plains","WHITE PINE-MIXED HARDWOOD FOREST","94AA","dry","typic","sandy","plains",709,20.9,0,11.7,0,0,0.7,0,0,0,0,0,0,0,42.5,0,0,0.6,0,0,0.8,0.3,28.8,0,1,0.1,5.5,0,0,0,0.3,0.1,7.5,0.1
"94AA dry spodic sandy plains","WHITE PINE-MIXED HARDWOOD FOREST","94AA","dry","spodic","sandy","plains",603,8.4,0.2,10.3,0,0,2,0,0,0,0,0,0,0,41.1,0.3,0,0.3,0,0,0.3,0,30.7,0,1.2,0,4.1,0,0,0,0.5,0.2,8.5,0.3
"94AA dry typic loamy plains","WHITE PINE-MIXED HARDWOOD FOREST","94AA","dry","typic","loamy","plains",318,7.4,0,14.5,0,0,0.3,0,0,0,0,0,0,0,49.1,1.3,0,3.1,0,0,0.6,0,15.4,0,0.3,0,2.2,0,0,0,0.3,0.3,11,1.6
"94AA dry rich sandy plains","WHITE PINE-MIXED HARDWOOD FOREST","94AA","dry","rich","sandy","plains",226,30.1,0,15.5,0,0,0.4,0,0,0,0,0,0,0,57.5,0.4,0,0,0,0,2.2,0,12.4,0,0,0,2.7,0,0,0,0,0,8,0.9
"96B dry typic sandy plains","PINE BARRENS","96B","dry","typic","sandy","plains",222,4.4,0,0,0,0,0,0,0,0,0,0,0,0,0,0,0,0,0,0,0,0.5,87.8,0,0.9,0,10.8,0,0,0,0,0,0,0
"96B dry typic sandy plains","JACK PINE-RED PINE FOREST","96B","dry","typic","sandy","plains",702,13.9,0,0.3,0,0,0.1,0,0,0,0,0,0,0,0,0.3,0,0,0,0,0,0,85.9,0,1.4,0.3,11.5,0,0,0,0,0,0.1,0
"96B moist dysic sandy plains","HEMLOCK-WHITE PINE FOREST","96B","moist","dysic","sandy","plains",130,11.4,0,10,0,0,3.1,0,0,0,0,0,0,0,18.5,0,0,0,0,0.8,0,0,29.2,0,0.8,0,4.6,0,0,0,3.1,0,29.2,0.8
"94AA wet typic loamy plains","MIXED CONIFER SWAMP","94AA","wet","typic","loamy","plains",100,23.7,0,8,0,0,5,0,0,0,0,0,0,0,15,6,0,13,0,0,0,2,3,0,0,0,1,0,0,0,19,0,26,2
"94AA wet euic mucky plains","BEECH-SUGAR MAPLE-HEMLOCK FOREST","94AA","wet","euic","mucky","plains",118,11.1,0,16.9,0,0,1.7,0,0,0,0,0,0,0,14.4,5.9,0,5.1,0,0,0.8,0,1.7,0,1.7,0,0,0,0,0,18.6,0.8,31.4,0.8
"94AA dry typic loamy slopes","BEECH-SUGAR MAPLE-HEMLOCK FOREST","94AA","dry","typic","loamy","slopes",214,97.7,0.9,31.3,0,0,4.7,0,0,0,0,0,0,0,38.8,0.9,0,0.5,0,0,0.9,0.5,0,0,0,0,0,0,0,0,1.9,3.3,14,2.3
"98A dry typic loamy plains","WHITE PINE-WHITE OAK FOREST","98A","dry","typic","loamy","plains",201,1.3,0,17.9,0,0,0,0.5,0,0,0,0,0,0,7.5,4.5,0,1,0,0,1.5,0,24.9,0,0.5,1,38.3,0,0,0,0,0,0,2.5
"98A dry typic sandy plains","MIXED OAK SAVANNA","98A","dry","typic","sandy","plains",268,18.6,0,0.7,0,0,0,2.6,0,0,0,0,0,0,0,0,0,0,0,0,0,0,1.1,0,1.1,0,94.4,0,0,0,0,0,0,0
"97A dry typic sandy plains","WHITE PINE-MIXED HARDWOOD FOREST","97A","dry","typic","sandy","plains",287,19.9,0,5.2,0,0,0,0.3,0,0,0,0.3,0,0,34.1,2.4,0,0,0,0.7,0,0,35.9,0,0,0,18.1,0,0,0,0,0.3,2.1,0.3
"98A wet euic mucky plains","SHRUB SWAMP/EMERGENT MARSH","98A","wet","euic","mucky","plains",236,14.6,0,1.3,0,0.8,0,0.4,0,0,0,0,0,0,0.8,3,0,19.1,0,0.4,0,0,0.4,0,7.2,0.4,61,0,0.8,0,0,0,0.8,3.4
"98A dry rich sandy plains","WHITE PINE-MIXED HARDWOOD FOREST","98A","dry","rich","sandy","plains",291,7.3,0,16.8,0,0,0.3,0,0,0,0,0,0,0,50.9,1,0,0.7,0,0,0.3,0,18.2,0,0.3,1.4,5.2,0,0,0,0,0.7,2.4,1.7
"98A dry typic loamy plains","MIXED OAK SAVANNA","98A","dry","typic","loamy","plains",3637,23.3,0,0.1,0,0,0,5.2,0,0,0,0,0,0,0,0.2,0,0.1,0,0.1,0.1,0,0,0,0.4,0.1,93.4,0,0,0,0,0.1,0,0.3
"98A dry rich sandy plains","MIXED OAK SAVANNA","98A","dry","rich","sandy","plains",1015,25.5,0,0,0,0,0,2.3,0,0,0,0,0,0,0,0,0,0,0,0,0,0,0,0,0.7,0,96.9,0,0,0,0,0,0,0.1
"98A dry typic sandy plains","MIXED OAK FOREST","98A","dry","typic","sandy","plains",111,7.7,0,0,0,0,0,1.8,0,0,0,0,0,0,0.9,0,0,0,0,0,0,0,3.6,0,0,0,93.7,0,0,0,0,0,0,0
"98A dry rich sandy plains","BEECH-SUGAR MAPLE FOREST","98A","dry","rich","sandy","plains",295,7.4,0,13.9,0,0,0.7,1,0,0,0,0,0,0,44.1,4.4,1,0,0,0,3.7,0,4.4,0,2.4,0.7,15.3,0,0,0,0,3.7,0.7,4.1
"98A dry typic loamy plains","WHITE PINE-MIXED HARDWOOD FOREST","98A","dry","typic","loamy","plains",813,5.2,0,13.7,0,0,1.5,0,0,0,0,0,0.1,0,53.5,2.3,0.1,0.7,0,0,0.7,0,16.6,0,0.6,0.1,5.4,0,0,0,0,0.9,2.5,1.2
"98A dry typic loamy plains","MIXED CONIFER SWAMP","98A","dry","typic","loamy","plains",214,1.4,0,4.7,0,0,0.9,0,0,0,0,0,0,0,4.2,7.9,0,36.9,0,0,0.5,3.3,4.2,0.5,1.4,0.5,26.2,0,0.5,0,3.7,0.5,3.3,0.9
"98A dry typic sandy plains","WHITE PINE-MIXED HARDWOOD FOREST","98A","dry","typic","sandy","plains",262,18.1,0,9.2,0,0,0.8,0,0,0,0,0,0,0,50.8,1.9,0,0.4,0,0.4,0.8,0.4,25.2,0,0,0,6.5,0,0,0,0,1.5,1.9,0.4
"98A dry typic loamy plains","BEECH-SUGAR MAPLE FOREST","98A","dry","typic","loamy","plains",2604,16.7,0,17.5,0,0,0.4,1.2,0,0,0,0,0,0,49.7,6.3,0.6,0.1,0,0,3,0,0.6,0.1,1.2,0.7,9.6,0,0,0.2,0,4.1,0.6,4.1
"98A moist typic loamy plains","BEECH-SUGAR MAPLE FOREST","98A","moist","typic","loamy","plains",3456,55.3,0,20.2,0,0,0.4,1.6,0,0,0,0.1,0.1,0,44.8,8.9,0.1,0.1,0,0.1,2.7,0,0.3,0.1,0.8,0.7,6.4,0,0,0,0,6.1,0.5,6.1
"98A moist euic sandy plains","BEECH-SUGAR MAPLE FOREST","98A","moist","euic","sandy","plains",146,27.1,0,19.9,0,0,4.1,0,0,0,0,0,0,0,42.5,9.6,0.7,0,0,0,0,0,4.1,0,0.7,0,7.5,0,0,0,0,5.5,0.7,4.8
"97A dry typic sandy plains","BEECH-SUGAR MAPLE FOREST","97A","dry","typic","sandy","plains",225,15.6,0,17.3,0,0,1.3,0,0,0,0,0,0,0,56.4,1.8,0,0,0,0,1.3,0,2.2,0,0,0,4,0,0,0,0,2.7,9.8,3.1
"97A dry rich sandy plains","BEECH-SUGAR MAPLE FOREST","97A","dry","rich","sandy","plains",230,39.8,0,20.4,0,0,1.3,0,0,0,0,0,0,0,60.4,1.7,0.4,0,0,0,1.3,0,0.4,0,1.3,1.7,4.8,0,0,0,0,3,0.4,2.6
"98A wet euic mucky plains","MIXED HARDWOOD SWAMP","98A","wet","euic","mucky","plains",205,12.7,0,7.8,0,0,7.3,0.5,0,0,0,0,0,0,4.4,28.3,0.5,6.8,0,0,0.5,0,3.9,0,4.4,0.5,10.7,0,0,0,1.5,3.4,1,18.5
"97A dry typic sandy plains","WHITE PINE-WHITE OAK FOREST","97A","dry","typic","sandy","plains",378,26.2,0,0.8,0,0,0.5,0,0,0,0,0.3,0,0,0.8,0.3,0,0,0,0,0,0.8,51.6,0,2.1,0.3,41.5,0,0,0,0,0,1.1,0
"97A moist dysic sandy plains","BEECH-SUGAR MAPLE-HEMLOCK FOREST","97A","moist","dysic","sandy","plains",143,29.4,0,4.2,0,0,4.2,0,0,0,0,0,0,0,35,6.3,0,0,0,0,0,0,8.4,0.7,0,0,2.1,0,0,0,0,0,37.8,1.4
"97A dry typic sandy plains","BEECH-SUGAR MAPLE-HEMLOCK FOREST","97A","dry","typic","sandy","plains",217,15,0,1.8,0,0,0,0,0,0,0,0,0,0,51.2,0.5,0,0,0,0.5,1.8,0,6.5,0,0,0,0.5,0,0,0,0,0.9,35.9,0.5
"97A moist dysic sandy plains","WHITE PINE-WHITE OAK FOREST","97A","moist","dysic","sandy","plains",113,23.2,0,2.7,0,0,0,0,0,0,0,0,0,0,6.2,2.7,0,0,0,0,0,1.8,42.5,0.9,0.9,0,38.1,0,0,0.9,0,0,3.5,0
"97A dry typic sandy plains","OAK/PINE BARRENS","97A","dry","typic","sandy","plains",158,10.9,0,0,0,0,0,0,0,0,0,0,0,0,0,0,0,0,0,0,0,0,53.2,0,0.6,0.6,45.6,0,0,0,0,0,0,0
"98A wet euic mucky plains","MIXED CONIFER SWAMP","98A","wet","euic","mucky","plains",576,35.7,0,2.8,0,0,1.2,0,0,0,0,0,0,0,1.7,7.1,0,67.7,0,0,0,2.1,2.1,0,0.7,0,6.2,0,0.2,0,2.1,0.5,2.6,3
"98A dry typic sandy plains","BEECH-SUGAR MAPLE-HEMLOCK FOREST","98A","dry","typic","sandy","plains",114,7.9,0,9.6,0,0,0,0,0,0,0,0,0,0,38.6,2.6,0,3.5,0,0,0.9,0,15.8,0,0,0,0.9,0,0,0,0,2.6,24.6,0.9
"98A moist euic mucky plains","MIXED CONIFER SWAMP","98A","moist","euic","mucky","plains",150,22.5,0,2,0,0,3.3,0.7,0,0,0,0,0,0,2.7,6,0,49.3,0,0,0.7,2.7,3.3,0,2,0,20.7,0,1.3,0,0,0.7,3.3,1.3
"98A dry rich sandy plains","BEECH-SUGAR MAPLE-HEMLOCK FOREST","98A","dry","rich","sandy","plains",116,2.9,0,12.9,0,0,1.7,0.9,0,0,0,0,0,0,41.4,1.7,0,0,0,0,2.6,0,14.7,0,0,0,3.4,0,0,0,0,1.7,17.2,1.7
"98A moist typic loamy plains","BEECH-SUGAR MAPLE-HEMLOCK FOREST","98A","moist","typic","loamy","plains",178,2.9,0,11.2,0,0,3.9,0.6,0,0,0,0,0,0,33.1,5.6,0,1.7,0,0,1.1,0,3.9,0,0,0,1.7,0,0,0,0,2.2,28.1,6.7
"98A dry typic loamy plains","MIXED HARDWOOD SWAMP","98A","dry","typic","loamy","plains",134,0.9,0,8.2,0,0,6,0,0,0,0,0,0,0,9,17.2,0,3.7,0,0.7,1.5,0,0,0.7,6,0,32.1,0,0,0,0,2.2,0,12.7
"98A moist typic loamy plains","MIXED CONIFER SWAMP","98A","moist","typic","loamy","plains",164,2.6,0,7.3,0,1.8,4.9,1.2,0,0,0,0,0,0,2.4,8.5,0,44.5,0,0,0,0,1.2,0,2.4,0,9.8,0,1.2,0,1.2,0.6,4.9,7.9
"98A dry typic loamy plains","BEECH-SUGAR MAPLE-HEMLOCK FOREST","98A","dry","typic","loamy","plains",243,1.6,0,13.2,0,0,1.6,0.4,0,0,0,0,0,0,45.3,1.6,0,1.2,0,0,1.6,0,6.6,0,0.8,0,0.4,0,0,0,0,2.5,23.5,1.2
"98A wet typic loamy plains","BEECH-SUGAR MAPLE FOREST","98A","wet","typic","loamy","plains",355,26.9,0,12.4,0,0,0.8,1.1,0,0,0,0.3,0.3,0,27,18.9,0.8,0,0,0,2,0,0.6,0.3,0.8,0.6,7,0,0,0,0,9.3,0.6,17.2
"98A moist typic loamy plains","SHRUB SWAMP/EMERGENT MARSH","98A","moist","typic","loamy","plains",112,1.8,0,13.4,0,0,0,0.9,0,0,0,0,0,0,0.9,11.6,0,1.8,0,0,0.9,0,0,0,8.9,0,50,0,0,0,0,0.9,0,10.7
"98A dry typic loamy plains","SHRUB SWAMP/EMERGENT MARSH","98A","dry","typic","loamy","plains",152,1,0,0.7,0,0,1.3,2.6,0,0,0,0,0,0,2,5.3,0,3.9,0,0,0,0,2,0,8.6,0,71.1,0,0,0,0,0,0,2.6
"98A wet typic loamy plains","MIXED HARDWOOD SWAMP","98A","wet","typic","loamy","plains",175,13.3,0,12.6,0,0,2.9,0,0,0,0,0,0,0,6.9,28,0.6,4.6,0,0,1.7,0,1.1,0.6,3.4,0,8.6,0,2.9,0,0,2.3,1.1,22.9
"98A moist typic loamy plains","MIXED HARDWOOD SWAMP","98A","moist","typic","loamy","plains",292,4.7,0,10.6,0,0.3,1.4,1.4,0,0,0,0,0,0,9.2,20.5,0.7,2.1,0,0,3.4,0,0.7,1,7.5,2.1,12.3,0,1.4,0,0,3.8,0,21.6
"98A wet typic loamy plains","MIXED CONIFER SWAMP","98A","wet","typic","loamy","plains",160,12.1,0,1.2,0,1.2,2.5,0,0,0,0,0,0,0,3.1,12.5,0,56.2,0,0,1.2,0,3.1,0.6,1.2,0.6,6.9,0,0,0,0.6,0.6,0,8.1
"94AA dry spodic sandy plains","MIXED PINE-OAK FOREST","94AA","dry","spodic","sandy","plains",116,1.6,0,4.3,0,0,0,0,0,0,0,0,0,0,8.6,0,0,0,0,0,0,0,56,0,6,0,23.3,0,0,0,0,0,1.7,0
"99B moist typic loamy plains","BEECH-SUGAR MAPLE-HEMLOCK FOREST","99B","moist","typic","loamy","plains",413,11.4,0.7,12.1,0,0,4.1,0,0,0,0,0,0,0,20.1,4.6,0,0,0,0,0.5,0,4.1,0,0.2,0.2,1.7,0,0,0,2.7,3.6,40.4,4.8
"99B dry typic loamy plains","BEECH-SUGAR MAPLE-HEMLOCK FOREST","99B","dry","typic","loamy","plains",100,18.2,0,19,0,0,1,0,0,0,0,0,0,0,37,1,0,0,0,0,1,0,3,0,0,0,1,0,0,0,0,0,36,1
"99B moist euic sandy plains","BEECH-SUGAR MAPLE-HEMLOCK FOREST","99B","moist","euic","sandy","plains",180,11.1,0,18.3,0,0,4.4,0,0,0,0,0,0,0,18.9,5.6,0,0,0,0,0,0,7.2,0,0,0,3.3,0,0,0,2.2,1.7,35.6,2.8
"99B wet typic loamy plains","BEECH-SUGAR MAPLE-HEMLOCK FOREST","99B","wet","typic","loamy","plains",103,5.5,0,15.5,0,0,3.9,0,0,0,0,0,0,0,19.4,16.5,0,0,0,0,0,0,7.8,0,0,0,1,0,0,0,8.7,4.9,18.4,3.9
"99B wet typic loamy plains","BLACK ASH SWAMP","99B","wet","typic","loamy","plains",149,7.9,0.7,12.8,0,0,4.7,0,0,0,0,0,0,0,0.7,51,0,0.7,0,0,0,0,4.7,0,0,0,2,0,0.7,0,6,2,2,12.1
"99A moist typic loamy plains","MIXED HARDWOOD SWAMP","99A","moist","typic","loamy","plains",532,19.2,0,7.1,0,0.2,0.4,5.1,0,0,0,0,0,0,14.3,20.9,0.2,0.2,0,0,2.6,0,0.4,1.3,2.8,0.2,20.3,0,0.2,0.9,0,9,0,13.9
"99A wet typic loamy plains","BEECH-SUGAR MAPLE FOREST","99A","wet","typic","loamy","plains",808,42.5,0,11.3,0,0,2,6.4,0,0,0.1,0.1,0.2,0,12.7,24.1,0.5,0,0,0.1,2.2,0,0,1.1,1.9,0,17.6,0,0,0,0,9,0,10.5
"99A moist euic sandy plains","BEECH-SUGAR MAPLE FOREST","99A","moist","euic","sandy","plains",397,36.4,0,7.6,0,0,1.3,3.3,0,0,0,0.3,0,0,15.4,9.3,0.5,0,0,0,1.5,0,0.5,0.3,4.3,0,48.1,0,0,0.5,0,4.5,0.5,2.3
"99A wet typic loamy plains","MIXED HARDWOOD SWAMP","99A","wet","typic","loamy","plains",760,40,0,9.5,0,0,0.5,4.6,0,0,0,0,0.1,0,8.7,29.1,0,0.4,0,0.1,2.1,0,0,4.6,4.5,0,12.8,0,0.3,0,0,8.3,0,14.5
"99A dry typic loamy plains","BEECH-SUGAR MAPLE FOREST","99A","dry","typic","loamy","plains",251,60.9,0,11.6,0,0,0.4,3.2,0,0,0,0,0,0,27.1,14.3,0.4,0,0,0,2.8,0,0.4,0,3.6,0.8,19.5,0,0,0,0,7.2,1.2,7.6
"99A moist typic loamy plains","BEECH-SUGAR MAPLE FOREST","99A","moist","typic","loamy","plains",1868,67.6,0,13,0,0,1.5,4.9,0,0.1,0,0,0,0,20,16.2,0.5,0.1,0,0,2.9,0,1,0.5,1.8,0.4,19.3,0.1,0,0.2,0,7.8,0.2,9.6
"99A moist euic sandy plains","MIXED HARDWOOD SWAMP","99A","moist","euic","sandy","plains",151,13.9,0,16.6,0,0,2,0,0,0,0,0,0,0,11.3,14.6,0,0,0,0.7,0,0,3.3,0,2,0,31.8,0,0,0.7,0,4.6,1.3,11.3
"98A wet euic mucky plains","WET PRAIRIE","98A","wet","euic","mucky","plains",297,18.4,0,0.3,0,0,0,0.7,0,0,0,0,0,0,0,1.3,0,11.1,0,0,0,0,0,0,6.7,0.7,72.4,0,0,0,0,0,0,6.7
"98A wet typic loamy plains","SHRUB SWAMP/EMERGENT MARSH","98A","wet","typic","loamy","plains",113,8.6,0,0.9,0,0,0,0,0,0,0,0,1.8,0,0,8.8,0,8,0,0,0.9,0,0,0,9.7,0,54.9,0,0,0,0,0.9,0,14.2
"98A dry typic loamy plains","OAK-HICKORY FOREST","98A","dry","typic","loamy","plains",3703,23.7,0,1.4,0,0,0,6.2,0.1,0,0,0.1,0,0,2.3,2.1,0.2,0.1,0,0.1,0.9,0,0.3,0,1.2,0.4,82.2,0,0,0.1,0,0.8,0,1.5
"98A moist typic loamy plains","MIXED OAK SAVANNA","98A","moist","typic","loamy","plains",351,5.6,0,0.9,0,0,0,2.6,0,0,0,0,0,0,0,1.1,0,0,0,0,0,0,0.6,0,1.4,0,89.7,0,0.3,0,0,0.3,0,3.1
"98A dry typic loamy plains","BLACK OAK BARREN","98A","dry","typic","loamy","plains",2328,14.9,0,0.3,0,0,0,4.8,0,0,0,0,0,0,0,0.3,0,0.1,0,0,0.2,0,0.3,0,0.7,0,92.4,0,0,0,0,0.1,0,0.7
"98A dry rich sandy plains","BLACK OAK BARREN","98A","dry","rich","sandy","plains",765,19.2,0,0,0,0,0,2.1,0,0,0,0,0,0,0.3,0.4,0,0.3,0,0,0.1,0,0.9,0,0.8,0,94.6,0,0,0,0,0,0,0.5
"98A dry typic sandy plains","OAK-HICKORY FOREST","98A","dry","typic","sandy","plains",268,18.6,0,1.9,0,0,0,2.2,0,0,0,0,0,0,3,0.7,0,0,0,0,1.5,0,0.4,0,1.9,0,87.3,0,0,0,0,0.4,0,0.7
"98A moist typic loamy plains","BLACK OAK BARREN","98A","moist","typic","loamy","plains",226,3.6,0,1.3,0,0,0,2.7,0,0,0,0,0,0,0.4,1.8,0,1.3,0,0,0,0,0,0,4,0,87.2,0,0,0,0,0,0,1.3
"111BA dry typic loamy plains","BEECH-SUGAR MAPLE FOREST","111BA","dry","typic","loamy","plains",414,19.7,0,11.6,0.2,0,0,2.2,0,0,0.2,0.7,0,0,37.9,10.4,0.5,0.2,0,0,4.6,0,0,0,3.1,1.4,19.1,0,0,0.2,0,3.6,0,3.9
"111BA moist typic loamy plains","BEECH-SUGAR MAPLE FOREST","111BA","moist","typic","loamy","plains",607,38.4,0,12.2,0,0,0.2,3.1,0,0,0,0.2,0.2,0,38.7,13,0.5,0,0,0,4,0,0.2,0,1.6,0.3,13.2,0,0.3,0.2,0,5.1,0,7.1
"111BA dry typic loamy plains","OAK-HICKORY FOREST","111BA","dry","typic","loamy","plains",654,31.1,0,1.4,0,0,0,11.3,0,0,0,0.2,0,0,1.4,3.7,0.3,0,0.2,0,1.2,0,0.2,0,1.8,0.3,72,0,0,0,0,2.4,0,3.7
"111BA dry typic loamy plains","MIXED OAK FOREST","111BA","dry","typic","loamy","plains",197,9.4,0,0,0,0,0,3.6,0,0,0,0,0,0,0,0.5,0,0.5,0,0,0,0,0,0,0,0,95.4,0,0,0,0,0,0,0
"111BA moist typic loamy plains","OAK-HICKORY FOREST","111BA","moist","typic","loamy","plains",605,38.2,0,3.8,0,0,0,13.7,0,0,0,0,0,0,0.3,8.3,1,0,0,0,3.1,0,0,0.3,1,0,59.7,0,0,0,0,2.6,0,6.1
"99B wet euic mucky plains","MIXED CONIFER SWAMP","99B","wet","euic","mucky","plains",117,59.1,0,4.3,0,0,3.4,0,0,0,0,0,0,0,0.9,7.7,0,41,0,0,0,18.8,5.1,0,0,0,0,0,0,0,17.9,0,0,0.9
"99B moist typic loamy plains","HEMLOCK-WHITE PINE FOREST","99B","moist","typic","loamy","plains",939,25.8,1,11.3,0,0,4.9,0.1,0,0,0,0,0,0,11.6,7.9,0,0.1,0,0,0.1,0,6.2,0.2,1.6,0.1,1.3,0,0,0,5.3,3.5,38.1,6.7
"99B moist euic sandy plains","HEMLOCK-WHITE PINE FOREST","99B","moist","euic","sandy","plains",650,40,0,12.3,0,0,4.6,0.3,0,0,0,0,0,0,8,7.7,0.2,0.3,0,0.2,0.5,0,16.3,0,0.8,0,2.8,0,0,0,0.5,0.8,40.6,4.3
"99B moist euic sandy plains","MIXED CONIFER SWAMP","99B","moist","euic","sandy","plains",143,8.8,0.7,10.5,0,0,3.5,0,0,0,0,0,0,0,2.1,6.3,0,16.1,0,0,0,2.1,16.8,0,1.4,0,2.1,0,0,0,21.7,0.7,13.3,2.8
"99B moist dysic sandy plains","HEMLOCK-WHITE PINE FOREST","99B","moist","dysic","sandy","plains",218,42.4,0,10.1,0,0,6,0,0,0,0,0,0,0,13.8,2.8,0,0.5,0,0,0,0,23.4,0,0.9,0,2.3,0,0,0,0.9,0,38.1,1.4
"99B wet typic loamy plains","MIXED HARDWOOD SWAMP","99B","wet","typic","loamy","plains",303,16.1,0,11.9,0,0,3.6,1.3,0,0,0,0,0,0,3.3,28.7,0,1.3,0,0,0.7,0,2.6,0,1.3,0,6.6,0,2,0,4,4.6,2.6,25.4
"99B wet typic loamy plains","HEMLOCK-WHITE PINE FOREST","99B","wet","typic","loamy","plains",193,10.3,1.6,11.4,0,0,4.7,0.5,0,0,0,0,0,0,10.4,13,0,0,0,0,1.6,0,5.7,0,3.1,0,2.6,0,0,0,5.7,9.8,19.2,10.9
"98A moist typic loamy plains","OAK-HICKORY FOREST","98A","moist","typic","loamy","plains",1040,16.7,0,3.8,0,0,0,5.4,0.1,0.1,0,0.2,0,0,5.6,6.8,0.3,0.3,0,0.3,1.7,0,0.4,0.1,1.7,0.4,65.2,0,0,0,0,2.4,0.1,5.1
"99B moist typic loamy plains","BEECH-SUGAR MAPLE FOREST","99B","moist","typic","loamy","plains",1554,42.8,0.1,18.3,0,0,3.3,1,0,0,0,0,0,0,32.9,7.5,0.1,0.1,0,0,2.7,0,1.2,0.2,1.2,0.1,5.9,0,0.1,0,0.5,7.9,8,8.8
"99B moist euic sandy plains","BEECH-SUGAR MAPLE FOREST","99B","moist","euic","sandy","plains",322,19.8,0,15.8,0,0,2.8,1.2,0,0,0,0,0,0,34.8,7.5,0.3,0,0,0,2.8,0,4,0.3,0.9,0.3,7.8,0,0,0,0.6,5.3,6.8,8.7
"98A wet typic loamy plains","WET PRAIRIE","98A","wet","typic","loamy","plains",122,9.3,0,0.8,0,0,0,0.8,0,0,0,0,0,0,0,0.8,0,13.1,0,0,0,0,0,0,11.5,0,65.6,0,0,0,0,0,0,7.4
"98A dry rich sandy plains","OAK-HICKORY FOREST","98A","dry","rich","sandy","plains",985,24.7,0,0.8,0,0,0.2,2.4,0,0,0,0.1,0,0,1.3,1.1,0.2,0,0,0,0.2,0,1,0,1.3,0.1,90.3,0,0,0,0,0.2,0,0.7
"111BA dry typic loamy plains","BLACK OAK BARREN","111BA","dry","typic","loamy","plains",541,25.7,0,0,0,0,0,4.8,0,0,0,0,0,0,0,0.6,0,0.2,0,0,0.2,0,0.6,0,1.1,0.2,91.7,0,0,0,0,0.2,0,0.6
"111BA moist typic loamy plains","BLACK OAK BARREN","111BA","moist","typic","loamy","plains",131,8.3,0,0,0,0,0,5.3,0,0,0,0,0,0,0,0.8,0,0,0,0,0,0,0,0,3.8,0,87.8,0,0,0,0,0,0,2.3
"111BA dry typic loamy plains","MIXED OAK SAVANNA","111BA","dry","typic","loamy","plains",221,10.5,0,0.5,0,0,0,3.2,0,0,0,0,0,0,0,1.8,0.5,0.9,0,0,0,0,0,0,1.4,0,90.5,0,0,0,0,0.9,0,0.5
"111BA dry rich sandy plains","BLACK OAK BARREN","111BA","dry","rich","sandy","plains",120,39.7,0,0,0,0,0,1.7,0,0,0,0,0,0,0,0,0,0,0,0,0,0,1.7,0,0,0,96.7,0,0,0,0,0,0,0
"99B moist typic loamy plains","MIXED CONIFER SWAMP","99B","moist","typic","loamy","plains",193,5.3,5.2,6.2,0,0,6.2,0,0,0,0,0,0,0,1,14,0.5,7.8,0,0,0,0.5,3.6,0,1.6,0,0,0,0,0,21.8,1,26.9,3.6
"99B moist typic loamy plains","MIXED HARDWOOD SWAMP","99B","moist","typic","loamy","plains",232,6.4,0.4,15.1,0,0,3.4,0,0,0,0,0,0,0,8.6,16.8,0,2.6,0,0,1.3,0,2.2,0.4,2.2,0,3.9,0,0,0,5.2,11.2,12.1,14.7
"99B wet typic loamy plains","MIXED CONIFER SWAMP","99B","wet","typic","loamy","plains",315,16.8,2.2,5.4,0,0.6,4.8,0,0,0,0,0,0,0,0,22.2,0,31.1,0,0,0,2.2,7.9,0,0,0,0.3,0,0,0,14.3,0.3,5.7,2.9
"99A wet typic loamy plains","BLACK ASH SWAMP","99A","wet","typic","loamy","plains",131,6.9,0,6.9,0,0,1.5,3.1,0,0,0,0.8,0,0,3.1,40.5,0,0.8,0,0,0,0,0,3.1,3.1,0,12.2,0,0,0,0,9.9,0,15.3
"99B wet typic loamy plains","BEECH-SUGAR MAPLE FOREST","99B","wet","typic","loamy","plains",668,35.6,0,18.9,0,0,4,2.5,0,0,0,0,0,0,15.7,15.9,0.1,0.6,0,0,0.6,0,0.9,0,0,0,6.1,0,0,0,0.1,13.2,2.7,18.6
"99B dry typic loamy plains","BEECH-SUGAR MAPLE FOREST","99B","dry","typic","loamy","plains",344,62.5,0,18.6,0,0,1.7,0.9,0,0,0,0,0,0,44.5,2.9,0,0,0,0,0.9,0,5.2,0,0.3,0,1.7,0,0,0,0.3,5.8,15.4,1.7
"99B moist typic loamy plains","CEDAR SWAMP","99B","moist","typic","loamy","plains",100,2.8,3,4,0,0,6,0,0,0,0,0,0,0,4,8,0,2,0,0,0,0,4,0,7,0,2,0,0,0,33,0,24,3
"98A wet typic loamy plains","OAK-HICKORY FOREST","98A","wet","typic","loamy","plains",132,10,0,2.3,0,0,0,6.8,0,0,0,0,0,0,3,12.1,0,0,0,0.8,1.5,0,0,0,2.3,1.5,57.6,0,0,0,0,0.8,0,11.4
"98A dry typic loamy plains","GRASSLAND","98A","dry","typic","loamy","plains",193,1.2,0,0.5,0,0,0,2.1,0,0,0,0,0,0,0,0,0.5,0,0,0,0,0,0,0,0.5,1,94.8,0,0,0,0,0.5,0,0
"99B moist euic sandy plains","MIXED HARDWOOD SWAMP","99B","moist","euic","sandy","plains",115,7.1,0,17.4,0,0.9,9.6,0.9,0,0,0,0,0,0,4.3,15.7,0,4.3,0,0.9,1.7,0,14.8,0,0.9,0,1.7,0,1.7,0,4.3,2.6,10.4,7.8
"99A moist typic loamy floodplain","BEECH-SUGAR MAPLE FOREST","99A","moist","typic","loamy","floodplain",117,62.6,0,13.7,0,0.9,0.9,6,0,0,0,0,0,0,5.1,15.4,0.9,0,0,0,8.5,0,3.4,1.7,0.9,0,12,0,0,0.9,0,14.5,0,15.4
"98A moist typic loamy plains","MIXED OAK FOREST","98A","moist","typic","loamy","plains",137,2.2,0,0.7,0,0,0,7.3,0,0,0,0,0,0,0,3.6,0,0.7,0,0,0,0,0,0,1.5,0,84.7,0,0,0,0,0,0,1.5
"98A dry typic sandy plains","BLACK OAK BARREN","98A","dry","typic","sandy","plains",192,13.3,0,0,0,0,0,2.6,0,0,0,0,0,0,0,0,0,0,0,0,0,0,1.6,0,0.5,0,95.3,0,0,0,0,0,0,0
"99A moist euic sandy plains","MIXED OAK FOREST","99A","moist","euic","sandy","plains",159,14.6,0,1.3,0,0,0,1.3,0,0,0,0,0,0,0,0.6,0,0,0,0,0,0,0,0,0.6,0,95.6,0,0,0,0,0,0,0.6
"99A moist euic sandy plains","WET PRAIRIE","99A","moist","euic","sandy","plains",113,10.4,0,8,0,0,0,0,0,0,0,0,0,0,0,8,0,0,0,1.8,0,0,2.7,0,9.7,0,57.5,0,0,0.9,0,0.9,0,10.6
"97A dry rich sandy plains","OAK-HICKORY FOREST","97A","dry","rich","sandy","plains",122,21.1,0,0.8,0,0,0,1.6,0,0,0,0,0,0,1.6,0,0,0,0,0,0.8,0,1.6,0,1.6,0,91,0,0,0,0,0.8,0,0
"99A moist typic loamy plains","OAK-HICKORY FOREST","99A","moist","typic","loamy","plains",110,4,0,5.5,0,0,0,9.1,0,0,0,0.9,0,0,2.7,13.6,0,0,0,0,2.7,0,0,0,4.5,0.9,40,0,0.9,0,0,6.4,0,12.7
"98A dry typic loamy plains","MIXED OAK FOREST","98A","dry","typic","loamy","plains",1164,7.5,0,0.6,0,0,0,6.6,0,0,0,0,0,0,0.2,0.8,0,0.3,0,0,0.3,0,0,0,0.6,0.2,90.1,0,0,0,0,0.1,0,0.3
"98A moist typic loamy plains","WET PRAIRIE","98A","moist","typic","loamy","plains",109,1.7,0,0,0,0,0,0.9,0,0,0,0,0,0,0,5.5,0,5.5,0,0,0,0,0,0,8.3,0.9,72.5,0,0.9,0,0,0,0,5.5
"98A dry rich sandy plains","MIXED OAK FOREST","98A","dry","rich","sandy","plains",335,8.4,0,0,0,0,0,3.9,0,0,0,0,0,0,0,0.3,0,0,0,0,0,0,0.3,0,0.3,0,94.9,0,0,0,0,0,0,0.3
"99A moist euic sandy plains","MIXED OAK SAVANNA","99A","moist","euic","sandy","plains",211,19.4,0,2.8,0,0,0,0,0,0,0,0,0,0,0,2.8,0,0.9,0,0.9,0.5,0,0,0,0.9,0.5,87.2,0,0,0,0,0.5,0,2.8
"98A dry typic loamy plains","WET PRAIRIE","98A","dry","typic","loamy","plains",137,0.9,0,0.7,0,0,0,2.2,0,0,0,0,0,0,0,1.5,0,4.4,0,0,0,0,0,0,4.4,0,83.2,0,0.7,0,0,0.7,0,2.2
