"site","COVERTYPE","LRU2","drain","chem","text","form","ntrees","prop","Pinus","Tsuga","Fagus","Acer","Tilia","Carya","Quercus","Ulmus","Fraxinus","Larix","Thuja","Picea","Abies","PopLirio","Betula","Aesculus","Alnus","Castanea","Celtis","Cercis","Cornus","Crataegus","Cupressaceae","Juglans","Morus","NyssaLiquidambar","OstryaCarpinus","Platanus","Prunus","RobiniaGleditsia","Salix","Sassafras","clust"
"97A moist typic clayey plains","BEECH-SUGAR MAPLE FOREST","97A","moist","typic","clayey","plains",585,83.2,0.2,1.2,49.1,23.8,6.2,1.5,3.1,6.3,5.1,0,0,0,0,0,0.3,0,0,0,0,0,0,0,0,0,0,0,2.1,0.3,0.9,0,0,0,1
"97A dry typic loamy plains","BEECH-SUGAR MAPLE FOREST","97A","dry","typic","loamy","plains",599,69.9,0.3,1,54.3,19.5,4.5,0.5,5,3.7,5.2,0.5,0,0,0,2.8,0.3,0,0,0,0,0,0,0,0,0.5,0,0.2,1.2,0,0.2,0,0,0.3,1
"97A moist typic loamy plains","BEECH-SUGAR MAPLE FOREST","97A","moist","typic","loamy","plains",402,73.9,0.2,0.7,57.5,19.7,6,0.2,1.7,5,5.2,0,0,0,0,0.5,0.2,0,0,0,0,0,0,0,0,0,0,0,1.7,0,1.2,0,0,0,1
"97A moist euic sandy plains","BEECH-SUGAR MAPLE FOREST","97A","moist","euic","sandy","plains",256,45.6,0.4,5.1,55.5,12.9,4.7,0.8,2,7.4,5.5,0,0,0,0,1.6,2,0,0,0,0,0,0,0,0,0,0,0.4,1.6,0,0,0,0,0.4,1
"96B moist dysic sandy plains","MIXED CONIFER SWAMP","96B","moist","dysic","sandy","plains",116,10.1,19.8,26.7,18.1,10.3,0.9,0,1.7,1.7,5.2,6,4.3,1.7,0,0.9,0.9,0,0,0,0,0,0,0,0,0,0,0,0,0,0,0,1.7,0,1
"96B dry spodic sandy plains","WHITE PINE-RED PINE FOREST","96B","dry","spodic","sandy","plains",223,10.6,52.9,3.1,14.3,7.2,0,0,15.2,0.9,0.4,0,2.2,0.9,0,1.8,0.9,0,0,0,0,0,0,0,0,0,0,0,0,0,0,0,0,0,2
"96B dry rich sandy plains","BEECH-SUGAR MAPLE-HEMLOCK FOREST","96B","dry","rich","sandy","plains",627,60.7,1.9,11,63.5,13.4,0.6,0,0.8,2.6,1.3,0.2,0.5,0.8,0,0.6,1.3,0,0.2,0,0,0,0,0,0,0,0,0,1.4,0,0,0,0,0,1
"96B dry spodic sandy plains","BEECH-SUGAR MAPLE-HEMLOCK FOREST","96B","dry","spodic","sandy","plains",906,43,2.9,12.7,63.8,12.1,1.5,0,1.1,1.3,0.4,0,1.5,0.4,0,0.2,1.5,0,0,0,0,0,0,0,0,0,0,0,0.2,0,0.1,0,0,0,1
"96B dry typic sandy plains","BEECH-SUGAR MAPLE-HEMLOCK FOREST","96B","dry","typic","sandy","plains",728,14.4,3.2,15,60.7,15.7,0.8,0,1.2,1,0.5,0,0.4,0,0,0.1,0.5,0,0,0,0,0,0,0,0,0,0,0,0.8,0,0,0,0,0,1
"96B dry typic loamy plains","BEECH-SUGAR MAPLE-HEMLOCK FOREST","96B","dry","typic","loamy","plains",456,51.5,1.5,9,69.3,12.7,0.7,0,0.9,0.9,1.8,0.9,0.2,0.9,0,0,0.7,0,0,0,0,0,0,0,0,0,0,0,0.7,0,0,0,0,0,1
"96B moist dysic sandy plains","BEECH-SUGAR MAPLE-HEMLOCK FOREST","96B","moist","dysic","sandy","plains",447,39.1,3.4,26.6,52.8,9.4,0.2,0,0.9,0.4,2,0,1.8,0,0,0.7,1.8,0,0,0,0,0,0,0,0,0,0,0,0,0,0,0,0,0,1
"96B dry typic clayey plains","BEECH-SUGAR MAPLE-HEMLOCK FOREST","96B","dry","typic","clayey","plains",209,82.3,0.5,10,60.8,13.9,2.9,0,0,2.4,3.3,0,0.5,0,0,0,2.4,0,0,0,0,0,0,0,0,0,0,0,3.3,0,0,0,0,0,1
"96B moist euic sandy plains","BEECH-SUGAR MAPLE-HEMLOCK FOREST","96B","moist","euic","sandy","plains",163,34.6,3.7,22.1,38.7,17.2,1.2,0,0,1.8,8,0,0.6,0,0,0,5.5,0,0,0,0,0,0,0,0,0,0,0,0.6,0,0,0,0.6,0,1
"96B wet euic mucky plains","CEDAR SWAMP","96B","wet","euic","mucky","plains",127,37,0.8,15.7,3.1,5.5,1.6,0,0.8,1.6,15,7.1,42.5,0,0.8,0,5.5,0,0,0,0,0,0,0,0,0,0,0,0,0,0,0,0,0,3
"96B moist typic loamy plains","BEECH-SUGAR MAPLE-HEMLOCK FOREST","96B","moist","typic","loamy","plains",316,59.6,0.9,18.7,60.4,11.4,0.9,0,0.6,1.6,2.5,0.6,0.6,0,0,0,0.9,0,0,0,0,0,0,0,0,0,0,0.3,0.3,0,0,0,0,0,1
"96B wet typic loamy plains","CEDAR SWAMP","96B","wet","typic","loamy","plains",103,45.6,1.9,12.6,1.9,3.9,1.9,0,0,0,4.9,11.7,54.4,1,1,1,3.9,0,0,0,0,0,0,0,0,0,0,0,0,0,0,0,0,0,3
"96B dry typic loamy plains","WHITE PINE-MIXED HARDWOOD FOREST","96B","dry","typic","loamy","plains",187,21.1,8.6,6.4,61,16.6,0,0,2.7,0,2.1,0,0.5,0,0,0,1.6,0,0,0,0,0,0,0,0,0,0,0,0.5,0,0,0,0,0,1
"96B dry rich sandy plains","WHITE PINE-MIXED HARDWOOD FOREST","96B","dry","rich","sandy","plains",182,17.6,12.6,5.5,58.2,13.2,0.5,0,2.2,1.1,2.2,1.1,0.5,0,0,0,1.6,0,0,0,0,0,0,0,0,0,0,0,1.1,0,0,0,0,0,1
"96B dry typic sandy plains","WHITE PINE-MIXED HARDWOOD FOREST","96B","dry","typic","sandy","plains",673,13.3,25.9,6.4,42.5,10.1,0,0,10.7,0.3,0.6,0.1,0.9,0.3,0,0.6,1,0,0,0,0,0,0,0,0,0,0,0,0.4,0,0.1,0,0,0,1
"96B dry spodic sandy plains","WHITE PINE-MIXED HARDWOOD FOREST","96B","dry","spodic","sandy","plains",430,20.4,24.9,6.3,44,14,0.2,0,7.9,0.7,0.7,0.2,0.2,0,0,0.2,0,0,0,0,0,0,0,0,0,0,0,0,0.2,0.2,0.2,0,0,0,1
"96B dry typic sandy plains","WHITE PINE-RED PINE FOREST","96B","dry","typic","sandy","plains",839,16.6,69.2,1.4,5.1,2.6,0,0,19.9,0,0,0,0.8,0,0,0.8,0,0,0,0,0,0,0,0,0,0,0,0,0,0,0,0,0,0,2
"96B dry super spodic sandy plains","BEECH-SUGAR MAPLE-HEMLOCK FOREST","96B","dry","super spodic","sandy","plains",110,82.1,3.6,17.3,60,11.8,0.9,0,0.9,0.9,2.7,0,1.8,0,0,0,0,0,0,0,0,0,0,0,0,0,0,0,0,0,0,0,0,0,1
"96B moist typic clayey plains","BEECH-SUGAR MAPLE-HEMLOCK FOREST","96B","moist","typic","clayey","plains",190,64.8,0,14.2,49.5,15.3,2.6,0,0,4.7,5.8,1.6,0.5,2.6,0,0,1.1,0,0,0,0,0,0,0,0,0,0,0,1.6,0,0,0,0.5,0,1
"96B dry typic sandy plains","HEMLOCK-WHITE PINE FOREST","96B","dry","typic","sandy","plains",159,3.1,28.9,21.4,25.2,5,0,0,13.8,0,0,0.6,1.3,0,0,3.1,0,0,0.6,0,0,0,0,0,0,0,0,0,0,0,0,0,0,0,1
"96B dry spodic sandy plains","HEMLOCK-WHITE PINE FOREST","96B","dry","spodic","sandy","plains",170,8.1,16.5,28.8,27.6,9.4,0,0,12.9,0,0.6,0,0,1.2,0,1.2,1.8,0,0,0,0,0,0,0,0,0,0,0,0,0,0,0,0,0,1
"96B moist dysic sandy plains","WHITE PINE-MIXED HARDWOOD FOREST","96B","moist","dysic","sandy","plains",137,12,13.1,7.3,46,19.7,0,0,5.1,0,2.2,1.5,0,0,0,0,3.6,0,0,0,0,0,0,0,0,0,0,0,1.5,0,0,0,0,0,1
"96B dry spodic sandy plains","WHITE PINE-WHITE OAK FOREST","96B","dry","spodic","sandy","plains",168,8,43.5,1.2,15.5,10.1,0,0,26.2,0,0,0,0.6,0,0,3,0,0,0,0,0,0,0,0,0,0,0,0,0,0,0,0,0,0,2
"96B dry typic sandy plains","WHITE PINE-WHITE OAK FOREST","96B","dry","typic","sandy","plains",1204,23.9,46.8,0.6,4.6,2.5,0,0,42.6,0.2,0.4,0,0.3,0,0,1.6,0.3,0,0,0,0,0,0,0,0,0,0,0,0,0,0.1,0,0,0,2
"96B dry typic sandy plains","OAK/PINE BARRENS","96B","dry","typic","sandy","plains",253,5,49,0,0,0.4,0,0,47.8,0.4,0.8,0,0,0,0,1.6,0,0,0,0,0,0,0,0,0,0,0,0,0,0,0,0,0,0,2
"96B dry typic loamy plains","WHITE PINE-WHITE OAK FOREST","96B","dry","typic","loamy","plains",104,11.8,29.8,0,9.6,9.6,0,0,45.2,1,0,0,0,0,0,3.8,1,0,0,0,0,0,0,0,0,0,0,0,0,0,0,0,0,0,4
"94C moist dysic sandy plains","MIXED CONIFER SWAMP","94C","moist","dysic","sandy","plains",108,16.3,14.8,17.6,0,0,0,0,0.9,0,1.9,13.9,25,10.2,1.9,8.3,4.6,0,0,0,0,0,0,0,0,0,0,0,0,0,0,0,0.9,0,3
"94C moist euic sandy plains","MIXED CONIFER SWAMP","94C","moist","euic","sandy","plains",132,28.4,19.7,7.6,4.5,2.3,0,0,0,0,0.8,22.7,18.9,4.5,4.5,9.8,4.5,0,0,0,0,0,0,0,0,0,0,0,0,0,0,0,0,0,3
"94C moist euic sandy plains","CEDAR SWAMP","94C","moist","euic","sandy","plains",143,30.8,7,17.5,2.8,3.5,0.7,0,0,0.7,9.8,10.5,37.8,2.8,2.1,2.1,2.8,0,0,0,0,0,0,0,0,0,0,0,0,0,0,0,0,0,3
"94C wet euic sandy plains","CEDAR SWAMP","94C","wet","euic","sandy","plains",122,34.7,6.6,16.4,1.6,3.3,0,0,0,0.8,2.5,13.1,39.3,4.1,0.8,0.8,10.7,0,0,0,0,0,0,0,0,0,0,0,0,0,0,0,0,0,3
"94C dry typic sandy plains","WHITE PINE-RED PINE FOREST","94C","dry","typic","sandy","plains",105,23.3,72.4,3.8,1,4.8,0,0,3.8,1,1,2.9,2.9,1.9,0,2.9,1.9,0,0,0,0,0,0,0,0,0,0,0,0,0,0,0,0,0,2
"94C wet euic mucky plains","MIXED CONIFER SWAMP","94C","wet","euic","mucky","plains",470,42,5.5,4.5,1.9,1.3,0.2,0,0.2,0,4.3,33.4,29.6,7.2,4.3,1.9,5.3,0,0.2,0,0,0,0,0,0,0,0,0,0.2,0,0,0,0,0,3
"94C wet euic sandy plains","MIXED CONIFER SWAMP","94C","wet","euic","sandy","plains",127,36.1,7.9,6.3,7.1,2.4,0,0,0,0,2.4,27.6,26,6.3,1.6,5.5,6.3,0,0,0,0,0,0,0,0,0,0,0,0,0,0,0,0.8,0,3
"94C moist dysic sandy plains","BEECH-SUGAR MAPLE-HEMLOCK FOREST","94C","moist","dysic","sandy","plains",201,30.3,3.5,17.9,31.8,18.9,2.5,0,1.5,2,3,3,6.5,1,1,2.5,5,0,0,0,0,0,0,0,0,0,0,0,0,0,0,0,0,0,1
"94C dry spodic sandy plains","BEECH-SUGAR MAPLE-HEMLOCK FOREST","94C","dry","spodic","sandy","plains",675,50.8,5.6,19.4,37,22.1,1.9,0,0.6,1,0.6,1.3,4,0.6,0.4,0.9,4.1,0,0,0,0,0,0,0,0,0,0,0,0.1,0,0.1,0,0,0,1
"94C wet euic mucky plains","CEDAR SWAMP","94C","wet","euic","mucky","plains",552,49.3,4.5,7.2,3.6,1.6,0,0,0,0.2,3.4,16.1,50.4,4.7,3.6,1.1,3.4,0,0,0,0,0,0,0,0,0,0,0,0,0,0,0,0,0,3
"94C moist typic loamy plains","CEDAR SWAMP","94C","moist","typic","loamy","plains",257,26.1,9.7,12.5,7.4,8.2,1.2,0,0,1.6,4.3,4.7,36.6,1.2,2.3,1.6,8.6,0,0,0,0,0,0,0,0,0,0,0,0.4,0,0,0,0,0,3
"94C moist typic loamy plains","MIXED CONIFER SWAMP","94C","moist","typic","loamy","plains",137,13.9,17.5,6.6,2.9,1.5,0,0,0,0,1.5,23.4,25.5,5.8,4.4,5.8,4.4,0,0,0,0,0,0,0,0,0,0,0,0,0,0,0,0.7,0,3
"94C dry super spodic sandy plains","BEECH-SUGAR MAPLE-HEMLOCK FOREST","94C","dry","super spodic","sandy","plains",107,68.6,0,23.4,35.5,21.5,1.9,0,0,0.9,0.9,0.9,1.9,0.9,1.9,1.9,6.5,0,0,0,0,0,0,0,0,0,0,0,0.9,0,0.9,0,0,0,1
"94C moist dysic sandy plains","CEDAR SWAMP","94C","moist","dysic","sandy","plains",110,16.6,5.5,13.6,4.5,5.5,0,0,0,0,0.9,9.1,40.9,5.5,3.6,1.8,7.3,0,0,0,0,0,0,0,0,0,0,0,0,0,0.9,0,0.9,0,3
"94C wet typic loamy plains","CEDAR SWAMP","94C","wet","typic","loamy","plains",187,49.7,4.3,12.3,3.2,3.2,0,0,0.5,1.1,6.4,10.2,49.2,3.2,0.5,3.2,2.7,0,0,0,0,0,0,0,0,0,0,0,0,0,0,0,0,0,3
"94C dry typic sandy plains","JACK PINE-RED PINE FOREST","94C","dry","typic","sandy","plains",208,46.2,91.3,0,0,0.5,0,0,1,0,0,2.9,1.4,1.4,0.5,0.5,0.5,0,0,0,0,0,0,0,0,0,0,0,0,0,0,0,0,0,2
"94C dry spodic sandy plains","WHITE PINE-RED PINE FOREST","94C","dry","spodic","sandy","plains",195,14.7,79,2.6,2.6,1,0,0,5.1,0,0,0.5,4.6,0,0,3.1,1,0,0,0,0,0,0,0,0,0,0,0,0.5,0,0,0,0,0,2
"94C dry spodic sandy plains","JACK PINE-RED PINE FOREST","94C","dry","spodic","sandy","plains",184,13.8,81.5,1.6,0.5,1.6,0,0,1.1,0,0,5.4,2.7,2.2,0,2.2,1.1,0,0,0,0,0,0,0,0,0,0,0,0,0,0,0,0,0,2
"94C dry typic loamy plains","BEECH-SUGAR MAPLE-HEMLOCK FOREST","94C","dry","typic","loamy","plains",527,68.4,1.1,19,38.7,18.8,0.8,0,0.2,1.1,1.7,0.4,11.2,1.1,1.1,0.6,3.8,0,0,0,0,0,0,0,0,0,0,0,0.4,0,0,0,0,0,1
"94C moist typic loamy plains","BEECH-SUGAR MAPLE-HEMLOCK FOREST","94C","moist","typic","loamy","plains",291,29.6,2.7,16.2,27.8,12,0.7,0,0,0.3,2.7,3.4,21,0.7,3.1,2.7,5.8,0,0,0,0,0,0,0,0,0,0,0,0.7,0,0,0,0,0,1
"94C moist typic clayey plains","CEDAR SWAMP","94C","moist","typic","clayey","plains",162,39.2,6.8,6.8,1.9,5.6,0.6,0,0,3.7,7.4,5.6,44.4,4.3,3.7,3.1,6.2,0,0,0,0,0,0,0,0,0,0,0,0,0,0,0,0,0,3
"94AB dry typic loamy plains","BEECH-SUGAR MAPLE-HEMLOCK FOREST","94AB","dry","typic","loamy","plains",997,55.1,6.1,22.3,34.7,17.8,1.7,0.1,0.7,0.8,0.6,1.4,6.4,0.8,0.7,1.3,4.3,0,0,0,0,0,0,0,0,0,0,0,0.3,0,0,0,0,0,1
"94AB moist typic loamy plains","BEECH-SUGAR MAPLE-HEMLOCK FOREST","94AB","moist","typic","loamy","plains",681,36.9,6.3,22.2,34.9,14,1.2,0,0.3,1.2,1.5,2.8,7.5,0.7,0.9,1.9,4.1,0,0,0,0,0,0,0,0,0,0,0,0.6,0,0,0,0,0,1
"94AB moist typic loamy plains","MIXED CONIFER SWAMP","94AB","moist","typic","loamy","plains",216,11.7,11.1,14.4,6.9,6.5,0,0,0.9,0.9,2.8,15.7,17.6,6.5,4.6,8.8,3.2,0,0,0,0,0,0,0,0,0,0,0,0,0,0,0,0,0,3
"94AB moist dysic sandy plains","CEDAR SWAMP","94AB","moist","dysic","sandy","plains",247,10.6,13.8,13.8,2.8,2.4,0,0,0,2.4,2.4,10.1,32,2.8,5.7,6.1,5.7,0,0,0,0,0,0,0,0,0,0,0,0,0,0,0,0,0,3
"94C wet typic clayey plains","CEDAR SWAMP","94C","wet","typic","clayey","plains",104,39.5,1.9,7.7,3.8,1.9,0,0,0,1.9,6.7,8.7,52.9,3.8,4.8,3.8,1.9,0,0,0,0,0,0,0,0,0,0,0,0,0,0,0,0,0,3
"94AB wet euic mucky plains","CEDAR SWAMP","94AB","wet","euic","mucky","plains",758,33.4,8.8,6.5,2.5,3,0.3,0,0.1,0.3,1.7,17.4,43.3,5.1,3.7,2.4,4.4,0,0.1,0,0,0,0,0,0,0,0,0,0.3,0,0,0,0.1,0,3
"94AB dry typic loamy plains","HEMLOCK-WHITE PINE FOREST","94AB","dry","typic","loamy","plains",131,7.2,7.6,45,8.4,8.4,1.5,0,2.3,0.8,8.4,3.1,5.3,0.8,0,2.3,4.6,0,0,0,0,0,0,0,0,0,0,0,1.5,0,0,0,0,0,1
"94AB dry spodic sandy plains","BEECH-SUGAR MAPLE-HEMLOCK FOREST","94AB","dry","spodic","sandy","plains",869,31.7,10.2,22.4,33.5,17.3,1,0,1,0.2,1.2,1.3,6.6,0.2,0.2,1.3,3.3,0,0,0,0,0,0,0,0,0,0,0,0.2,0,0,0,0,0,1
"94AB wet typic loamy plains","MIXED CONIFER SWAMP","94AB","wet","typic","loamy","plains",183,40,17.5,7.7,3.8,2.7,0,0,0.5,1.6,5.5,21.3,13.7,5.5,4.9,7.7,7.1,0,0.5,0,0,0,0,0,0,0,0,0,0,0,0,0,0,0,3
"94AB dry typic clayey plains","BEECH-SUGAR MAPLE-HEMLOCK FOREST","94AB","dry","typic","clayey","plains",404,61,5,30.7,30,14.1,2.7,0,0.5,1.7,4,0.7,5.2,0.7,0.7,0.2,1.7,0,0,0,0,0,0,0,0,0,0,0,1.7,0,0.2,0,0,0,1
"94C moist typic loamy plains","SPRUCE-FIR-CEDAR FOREST","94C","moist","typic","loamy","plains",126,12.8,9.5,22.2,4,4.8,0,0,0,0.8,3.2,7.1,34.9,2.4,4,1.6,5.6,0,0,0,0,0,0,0,0,0,0,0,0,0,0,0,0,0,3
"94AB wet euic mucky plains","MIXED CONIFER SWAMP","94AB","wet","euic","mucky","plains",1160,51.1,12.3,7.3,1.8,2.4,0.2,0,0.3,0.2,3.3,29.9,23.2,8.9,2.3,2.7,5,0,0.1,0,0,0,0,0,0,0,0,0,0,0,0,0,0.2,0,3
"94AB moist typic loamy plains","CEDAR SWAMP","94AB","moist","typic","loamy","plains",307,16.6,7.8,11.4,6.8,3.3,0.7,0,0.3,1,1.6,12.7,34.5,2.9,5.5,4.9,6.2,0,0.3,0,0,0,0,0,0,0,0,0,0,0,0,0,0,0,3
"94AB moist typic clayey plains","BEECH-SUGAR MAPLE-HEMLOCK FOREST","94AB","moist","typic","clayey","plains",442,30.3,5.2,24.9,33.7,15.8,1.6,0,0.2,0.9,4.5,1.6,3.6,0.7,0.7,0.9,4.8,0,0.5,0,0,0,0,0,0,0,0,0,0.5,0,0,0,0,0,1
"94AB dry spodic sandy plains","JACK PINE-RED PINE FOREST","94AB","dry","spodic","sandy","plains",422,15.4,82.5,1.2,0.2,0.9,0,0,3.6,0,0.2,2.1,3.3,2.8,0.2,2.6,0,0,0,0,0,0,0,0,0,0,0,0,0.2,0,0,0,0,0,2
"94AB moist euic sandy plains","BEECH-SUGAR MAPLE-HEMLOCK FOREST","94AB","moist","euic","sandy","plains",156,15,7.1,23.7,25.6,9,0.6,0,0.6,0,1.9,1.3,13.5,2.6,0.6,3.8,7.7,0,0,0,0,0,0,0,0,0,0,0,1.3,0,0.6,0,0,0,1
"94AB dry typic sandy plains","MIXED CONIFER SWAMP","94AB","dry","typic","sandy","plains",123,1.1,35.8,2.4,1.6,2.4,0,0,2.4,0,2.4,22.8,6.5,5.7,2.4,7.3,8.1,0,0,0,0,0,0,0,0,0,0,0,0,0,0,0,0,0,3
"94AB moist dysic sandy plains","JACK PINE-RED PINE FOREST","94AB","moist","dysic","sandy","plains",320,13.7,81.2,0.3,0.6,2.5,0,0,1.6,0,0.6,3.4,1.2,0.9,1.6,3.4,2.2,0,0,0,0,0,0,0,0,0,0,0,0,0,0.3,0,0,0,2
"94AB dry typic sandy plains","JACK PINE-RED PINE FOREST","94AB","dry","typic","sandy","plains",4879,43.4,90.9,0.3,0.2,0.3,0.1,0,3.5,0,0,0.6,0.8,0.6,0.1,2.2,0.5,0,0,0,0,0,0,0,0,0,0,0,0,0,0,0,0,0,2
"94AB dry rich sandy plains","BEECH-SUGAR MAPLE-HEMLOCK FOREST","94AB","dry","rich","sandy","plains",319,33,6.9,21.9,43.3,18.2,1.3,0,0.6,0,0.3,0,1.6,0.6,0.3,1.6,2.8,0,0,0,0,0,0,0,0,0,0,0,0.6,0,0,0,0,0,1
"94AB moist typic clayey plains","CEDAR SWAMP","94AB","moist","typic","clayey","plains",253,17.4,3.2,18.6,4.3,5.1,1.2,0,0.4,0.4,2.4,7.1,35.2,2.8,6.3,6.7,5.5,0,0.8,0,0,0,0,0,0,0,0,0,0,0,0,0,0,0,3
"94AB wet euic sandy plains","CEDAR SWAMP","94AB","wet","euic","sandy","plains",130,27.4,9.2,8.5,2.3,3.8,0.8,0,0,0,3.8,13.1,40.8,2.3,3.1,4.6,7.7,0,0,0,0,0,0,0,0,0,0,0,0,0,0,0,0,0,3
"94AB moist euic sandy plains","CEDAR SWAMP","94AB","moist","euic","sandy","plains",177,17.1,9.6,13,3.4,3.4,0.6,0,1.1,1.1,1.7,13.6,35.6,2.8,5.1,5.1,4,0,0,0,0,0,0,0,0,0,0,0,0,0,0,0,0,0,3
"94AB wet typic clayey plains","MIXED CONIFER SWAMP","94AB","wet","typic","clayey","plains",150,36,10,4,0.7,2.7,0.7,0,0,0.7,7.3,38,21.3,3.3,2.7,2,6,0,0,0,0,0,0,0,0,0,0,0,0,0,0,0,0.7,0,3
"94AB moist dysic sandy plains","HEMLOCK-WHITE PINE FOREST","94AB","moist","dysic","sandy","plains",384,16.4,22.7,35.2,8.6,6,0.3,0,1.3,0.5,4.7,3.6,6,1.8,1.8,2.6,4.4,0,0,0,0,0,0,0,0,0.3,0,0,0.3,0,0,0,0,0,3
"94AB dry spodic sandy plains","HEMLOCK-WHITE PINE FOREST","94AB","dry","spodic","sandy","plains",312,11.4,28.5,32.4,18.6,6.1,1,0,2.6,0.6,1.6,0.3,3.8,0.6,0.6,2.6,0.6,0,0,0,0,0,0,0,0,0,0,0,0,0,0,0,0,0,1
"94AB moist dysic sandy plains","MIXED CONIFER SWAMP","94AB","moist","dysic","sandy","plains",288,12.3,18.8,12.2,3.5,3.8,0,0,0,0,4.9,19.4,14.2,8.7,2.4,5.2,6.9,0,0,0,0,0,0,0,0,0,0,0,0,0,0,0,0,0,3
"94AB dry typic sandy plains","WHITE PINE-RED PINE FOREST","94AB","dry","typic","sandy","plains",2443,21.7,77.2,2.5,3.4,2.4,0,0,6.1,0,0.1,1.1,1.2,0.4,0.5,3.5,1.6,0,0,0,0,0,0,0,0,0,0,0,0.2,0,0,0,0,0,2
"94AB dry spodic sandy plains","WHITE PINE-RED PINE FOREST","94AB","dry","spodic","sandy","plains",820,29.9,68.7,4.9,6.5,4.4,0.1,0,3.3,0.1,0.2,1.1,2.6,1.2,0.6,3.4,2.7,0,0,0,0,0,0,0,0,0,0,0,0.1,0,0.1,0,0,0,2
"94AB moist typic clayey plains","HEMLOCK-WHITE PINE FOREST","94AB","moist","typic","clayey","plains",389,26.7,12.1,28.8,16.2,14.9,0.5,0,0.3,2.3,5.1,3.6,5.1,1,3.1,2.3,4.4,0,0.3,0,0,0,0,0,0,0,0,0,0,0,0,0,0,0,1
"94AB dry typic loamy plains","WHITE PINE-RED PINE FOREST","94AB","dry","typic","loamy","plains",208,11.5,58.7,9.1,7.2,6.7,0,0,7.2,0,0.5,3.4,2.9,0,0.5,1.4,2.4,0,0,0,0,0,0,0,0,0,0,0,0,0,0,0,0,0,2
"94AB wet dysic mucky plains","MIXED CONIFER SWAMP","94AB","wet","dysic","mucky","plains",144,56.9,24.3,4.2,0,1.4,0,0,0,0,0.7,34.7,9,21.5,2.1,0,2.1,0,0,0,0,0,0,0,0,0,0,0,0,0,0,0,0,0,3
"94AB moist euic sandy plains","MIXED CONIFER SWAMP","94AB","moist","euic","sandy","plains",222,21.4,15.3,9.9,2.7,5.4,0,0,0.5,0.9,5.9,22.1,15.3,6.3,5.4,5,5.4,0,0,0,0,0,0,0,0,0,0,0,0,0,0,0,0,0,3
"94AB dry rich sandy plains","JACK PINE-RED PINE FOREST","94AB","dry","rich","sandy","plains",188,19.4,91.5,1.1,0,1.1,0,0,1.6,0,0,0.5,0,0,0,2.7,1.6,0,0,0,0,0,0,0,0,0,0,0,0,0,0,0,0,0,2
"94AB moist dysic sandy plains","BEECH-SUGAR MAPLE-HEMLOCK FOREST","94AB","moist","dysic","sandy","plains",380,16.3,7.4,31.3,26.6,15,0.3,0,0.3,0.8,1.6,2.4,6.3,0,1.3,2.6,4.2,0,0,0,0,0,0,0,0,0,0,0,0,0,0,0,0,0,1
"94AB dry rich sandy plains","WHITE PINE-RED PINE FOREST","94AB","dry","rich","sandy","plains",228,23.6,63.2,5.3,3.1,4.8,0.4,0,8.3,0,0,1.3,0.9,1.3,0.4,9.6,1.3,0,0,0,0,0,0,0,0,0,0,0,0,0,0,0,0,0,2
"94AB moist typic loamy plains","WHITE PINE-RED PINE FOREST","94AB","moist","typic","loamy","plains",148,8,44.6,9.5,6.1,8.8,0.7,0,5.4,0.7,0.7,5.4,4.7,0.7,0,8.1,4.7,0,0,0,0,0,0,0,0,0,0,0,0,0,0,0,0,0,2
"94AB moist typic loamy plains","HEMLOCK-WHITE PINE FOREST","94AB","moist","typic","loamy","plains",238,12.9,18.5,39.1,10.5,10.1,1.3,0,0.4,2.1,2.1,1.3,4.2,0.4,2.9,2.5,4.6,0,0,0,0,0,0,0,0,0,0,0,0,0,0,0,0,0,1
"94AB dry typic sandy plains","HEMLOCK-WHITE PINE FOREST","94AB","dry","typic","sandy","plains",315,2.8,27.3,29.5,13,7,0.6,0,3.8,1,1,1.6,7.3,0.6,0.3,2.5,4.4,0,0,0,0,0,0,0,0,0,0,0,0,0,0,0,0,0,1
"94AB moist dysic sandy plains","WHITE PINE-RED PINE FOREST","94AB","moist","dysic","sandy","plains",460,19.7,53.9,4.8,5.4,5.7,0,0,3,0,1.5,5.2,4.1,2.4,0.4,7.6,5.7,0,0,0,0,0,0,0,0,0,0,0,0,0,0,0,0.2,0,2
"94AB dry typic sandy plains","BEECH-SUGAR MAPLE-HEMLOCK FOREST","94AB","dry","typic","sandy","plains",1049,9.3,16.2,20.5,36.3,13.5,0.6,0,2.1,0.2,0.5,0.9,2.3,0.6,0.7,2.1,3.1,0,0,0,0,0,0,0,0,0,0,0,0.6,0,0,0,0,0,1
"94AB wet euic sandy plains","MIXED CONIFER SWAMP","94AB","wet","euic","sandy","plains",175,36.8,16,7.4,1.7,4,0,0,0.6,0.6,6.3,22.9,19.4,4,1.7,8,7.4,0,0,0,0,0,0,0,0,0,0,0,0,0,0,0,0,0,3
"94AB dry typic sandy plains","WHITE PINE-MIXED HARDWOOD FOREST","94AB","dry","typic","sandy","plains",116,1,26.7,13.8,31,12.9,0,0,3.4,0.9,0.9,1.7,1.7,0.9,0,1.7,4.3,0,0,0,0,0,0,0,0,0,0,0,0,0,0,0,0,0,1
"94AB dry typic loamy plains","JACK PINE-RED PINE FOREST","94AB","dry","typic","loamy","plains",109,6,77.1,1.8,0.9,2.8,0,0,3.7,0,0.9,4.6,3.7,0.9,0.9,1.8,0.9,0,0,0,0,0,0,0,0,0,0,0,0,0,0,0,0,0,2
"94AB dry typic sandy plains","PINE BARRENS","94AB","dry","typic","sandy","plains",1218,10.8,94.9,0.1,0,0.1,0,0,2.5,0.1,0,0.2,0.2,0.4,0.2,1.1,0.2,0,0.1,0,0,0,0,0,0,0,0,0,0,0,0,0,0,0,2
"94AB moist euic sandy plains","HEMLOCK-WHITE PINE FOREST","94AB","moist","euic","sandy","plains",167,16.1,25.7,32.3,2.4,14.4,0,0,0.6,2.4,3,1.8,7.8,1.2,2.4,0.6,5.4,0,0,0,0,0,0,0,0,0,0,0,0,0,0,0,0,0,1
"94AB dry typic sandy plains","ASPEN-BIRCH FOREST","94AB","dry","typic","sandy","plains",166,1.5,22.9,4.8,2.4,2.4,0,0,1.2,0,1.2,1.8,1.8,0,1.8,42.2,17.5,0,0,0,0,0,0,0,0,0,0,0,0,0,0,0,0,0,2
"94AB moist euic mucky plains","MIXED CONIFER SWAMP","94AB","moist","euic","mucky","plains",137,33.5,29.2,9.5,4.4,5.1,0,0,0.7,1.5,3.6,14.6,15.3,5.8,2.2,3.6,3.6,0,0,0,0,0,0,0,0,0,0,0,0,0,0.7,0,0,0,3
"94AB dry typic sandy plains","OAK/PINE BARRENS","94AB","dry","typic","sandy","plains",210,1.9,80.5,0,0,0,0,0,17.1,0,0,0,0,1,0,1.4,0,0,0,0,0,0,0,0,0,0,0,0,0,0,0,0,0,0,2
"94AB dry typic sandy plains","MIXED PINE-OAK FOREST","94AB","dry","typic","sandy","plains",525,4.7,68.2,1.1,3,3.6,0,0,20.2,0,0,0.6,0,0.2,0,2.5,0.6,0,0,0,0,0,0,0,0,0,0,0,0,0,0,0,0,0,2
"94AA dry spodic sandy plains","BEECH-SUGAR MAPLE-HEMLOCK FOREST","94AA","dry","spodic","sandy","plains",5334,74.7,2.7,14,45.5,28.7,1.2,0,0.3,1.7,0.5,0.2,1.1,0.1,0.1,0.5,2.8,0,0,0,0,0,0,0,0,0,0,0,0.6,0,0.1,0,0,0,1
"94AA moist typic loamy plains","BEECH-SUGAR MAPLE-HEMLOCK FOREST","94AA","moist","typic","loamy","plains",483,66,0.8,22.6,39.5,20.1,1.2,0,0.2,2.7,2.9,2.9,2.9,0,0,0,3.1,0,0,0,0,0,0,0,0,0,0,0,1,0,0,0,0,0,1
"94AA dry super spodic sandy plains","BEECH-SUGAR MAPLE-HEMLOCK FOREST","94AA","dry","super spodic","sandy","plains",3839,95.5,0.8,13.1,41.4,33.4,1.9,0,0,2.4,0.5,0.2,0.8,0,0.1,0.3,4,0,0,0,0,0,0,0,0,0,0,0,0.6,0,0.4,0,0,0,1
"94AA dry spodic sandy slopes","BEECH-SUGAR MAPLE-HEMLOCK FOREST","94AA","dry","spodic","sandy","slopes",481,83.4,1.9,12.9,42.6,31.8,1.7,0,0,1.9,0.8,0.2,2.1,0,0.2,1.2,2.1,0,0,0,0,0,0,0,0,0,0,0,0.2,0,0.4,0,0,0,1
"94AA dry typic sandy plains","BEECH-SUGAR MAPLE-HEMLOCK FOREST","94AA","dry","typic","sandy","plains",2022,59.5,3,15.8,43.8,27,1.9,0,0.5,1.2,0.5,0.3,1.1,0.2,0.1,0.6,2.4,0,0,0,0,0,0,0,0,0,0,0,1.1,0,0.4,0,0,0,1
"94AA dry super spodic sandy slopes","BEECH-SUGAR MAPLE-HEMLOCK FOREST","94AA","dry","super spodic","sandy","slopes",294,98,0.3,16.7,44.9,25.9,1,0,0,1,0.3,0,3.7,0,0.7,0,4.4,0,0,0,0,0,0,0,0,0,0,0,0.7,0,0.3,0,0,0,1
"94AA dry spodic sandy plains","HEMLOCK-WHITE PINE FOREST","94AA","dry","spodic","sandy","plains",271,3.8,27.7,33.9,18.5,11.1,0.4,0,0.7,0,0.7,1.5,1.8,0.4,1.1,0.7,1.5,0,0,0,0,0,0,0,0,0,0,0,0,0,0,0,0,0,1
"94AA wet euic mucky plains","CEDAR SWAMP","94AA","wet","euic","mucky","plains",452,42.6,2.7,15.3,4.9,6.4,1.3,0,0,0.2,2.9,6.9,46.2,3.5,6.9,0,2.7,0,0.2,0,0,0,0,0,0,0,0,0,0,0,0,0,0,0,3
"94AA dry typic loamy plains","BEECH-SUGAR MAPLE-HEMLOCK FOREST","94AA","dry","typic","loamy","plains",3003,82.8,1.1,15.1,43.4,28.6,1.5,0,0.1,2.4,1.4,0.5,1.9,0.2,0.2,0.2,2.3,0,0,0,0,0,0,0,0,0,0,0,0.8,0,0.3,0,0,0,1
"94AA dry typic sandy plains","HEMLOCK-WHITE PINE FOREST","94AA","dry","typic","sandy","plains",198,5.8,24.7,33.3,18.7,6.6,0,0,2,3,0,0.5,3.5,0.5,1.5,1.5,4,0,0,0,0,0,0,0,0,0,0,0,0,0,0,0,0,0,1
"94AA dry spodic sandy plains","WHITE PINE-RED PINE FOREST","94AA","dry","spodic","sandy","plains",513,7.2,75.8,4.5,7.2,2.1,0,0,4.7,0.2,0.2,0.8,2.1,0.2,0.6,1,0.6,0,0,0,0,0,0,0,0,0,0,0,0,0,0,0,0,0,2
"94AA wet euic mucky plains","MIXED CONIFER SWAMP","94AA","wet","euic","mucky","plains",408,38.4,7.4,17.9,6.1,6.4,0.2,0,0.2,0.5,5.6,20.3,20.1,6.6,1.7,1.2,4.2,0,1,0,0,0,0,0,0,0,0,0,0.2,0,0.2,0,0,0,3
"94AA moist euic mucky plains","BEECH-SUGAR MAPLE-HEMLOCK FOREST","94AA","moist","euic","mucky","plains",120,36.1,4.2,34.2,22.5,14.2,0.8,0,0,0.8,2.5,0,11.7,0.8,0,0,6.7,0,1.7,0,0,0,0,0,0,0,0,0,0,0,0,0,0,0,1
"94AA moist dysic sandy plains","BEECH-SUGAR MAPLE-HEMLOCK FOREST","94AA","moist","dysic","sandy","plains",371,57.2,4,24.5,31.5,18.9,1.6,0,0,1.6,2.2,1.9,5.9,0.5,0.3,1.1,4.6,0,0,0,0,0,0,0,0,0,0,0,1.1,0.3,0,0,0,0,1
"94AA dry typic sandy plains","WHITE PINE-RED PINE FOREST","94AA","dry","typic","sandy","plains",192,5.7,71.4,8.3,10.4,4.7,0,0,4.2,0,1,0,0,0,0,0,0,0,0,0,0,0,0,0,0,0,0,0,0,0,0,0,0,0,2
"96A dry typic sandy plains","BEECH-SUGAR MAPLE-HEMLOCK FOREST","96A","dry","typic","sandy","plains",404,71,3.7,14.1,46.8,20.3,2.2,0,1,1.7,0.7,0.7,3,0,0.5,0.5,3.5,0,0,0,0.5,0,0,0,0,0,0,0,0.2,0,0.5,0,0,0,1
"96A dry rich sandy plains","BEECH-SUGAR MAPLE-HEMLOCK FOREST","96A","dry","rich","sandy","plains",401,81.3,1,13.5,47.4,23.9,3.5,0,0.2,2.5,1.7,0.2,1.7,0,0.2,0.7,2.7,0,0,0,0,0,0,0,0,0,0,0,0.2,0,0,0,0.2,0,1
"96A dry spodic sandy plains","BEECH-SUGAR MAPLE-HEMLOCK FOREST","96A","dry","spodic","sandy","plains",1223,83.3,1.1,12.6,43.9,32.3,1.6,0,0.2,2.3,1.4,0.6,1.6,0,0.1,0.1,1.8,0,0,0,0,0,0,0,0,0,0,0,0.4,0,0.1,0,0,0,1
"96A dry super spodic sandy plains","BEECH-SUGAR MAPLE-HEMLOCK FOREST","96A","dry","super spodic","sandy","plains",1538,95.3,0.8,13.2,45.8,32.2,0.9,0,0.3,1.8,1.1,0,1,0,0,0,1.8,0,0,0,0,0,0,0,0,0,0,0,0.9,0,0.1,0,0,0,1
"96A moist dysic sandy plains","BEECH-SUGAR MAPLE-HEMLOCK FOREST","96A","moist","dysic","sandy","plains",150,58.4,2,30.7,36.7,14,0.7,0,0,1.3,3.3,0.7,4,0.7,2,0,4,0,0,0,0,0,0,0,0,0,0,0,0,0,0,0,0,0,1
"96A dry super spodic sandy slopes","BEECH-SUGAR MAPLE-HEMLOCK FOREST","96A","dry","super spodic","sandy","slopes",170,96.6,0,19.4,47.6,26.5,2.4,0,1.8,0,0.6,0,0,0,0,0,1.2,0,0,0,0,0,0,0,0,0,0,0,0.6,0,0,0,0,0,1
"96A dry typic loamy plains","BEECH-SUGAR MAPLE-HEMLOCK FOREST","96A","dry","typic","loamy","plains",1349,92.3,0.1,10.3,46,28.9,2.5,0,0.1,3,1.9,0.2,3.3,0,0.1,0,3,0,0,0,0,0,0,0,0,0,0,0,0.4,0,0,0,0,0,1
"94AA moist euic sandy plains","BEECH-SUGAR MAPLE-HEMLOCK FOREST","94AA","moist","euic","sandy","plains",124,40.4,4,32.3,38.7,12.1,0,0,0,1.6,0.8,0,1.6,0.8,0.8,0,5.6,0,0,0,0,0,0,0,0,0,0,0,1.6,0,0,0,0,0,1
"94AA dry rich sandy plains","BEECH-SUGAR MAPLE-HEMLOCK FOREST","94AA","dry","rich","sandy","plains",464,61.9,3.4,20.3,48.1,16.2,2.4,0.2,1.3,2.2,0.2,0.2,0.6,0.2,0,0.4,2.2,0,0.4,0,0,0,0,0,0.2,0,0,0,1.5,0,0,0,0,0,1
"96A wet euic mucky plains","MIXED CONIFER SWAMP","96A","wet","euic","mucky","plains",123,34.6,3.3,17.9,8.9,7.3,0,0,0,1.6,9.8,8.1,31.7,4.9,3.3,1.6,1.6,0,0,0,0,0,0,0,0,0,0,0,0,0,0,0,0,0,3
"94AA moist typic clayey plains","BEECH-SUGAR MAPLE-HEMLOCK FOREST","94AA","moist","typic","clayey","plains",250,66.1,2,26.4,28,22.8,3.2,0,0,3.2,5.6,0.4,1.6,0.4,0.8,0,5.2,0,0,0,0,0,0,0,0,0,0,0,0.4,0,0,0,0,0,1
"96A wet euic mucky plains","CEDAR SWAMP","96A","wet","euic","mucky","plains",169,47.5,4.1,17.8,1.8,4.7,0,0,0,0,6.5,7.7,47.9,0.6,3.6,0,5.3,0,0,0,0,0,0,0,0,0,0,0,0,0,0,0,0,0,3
"96A dry spodic sandy slopes","BEECH-SUGAR MAPLE-HEMLOCK FOREST","96A","dry","spodic","sandy","slopes",188,97.9,0,12.8,42.6,34,2.7,0,0,2.1,2.1,0,1.6,0,0,0,0.5,0,0,0,0,0,0,0,0,0,0,0,1.6,0,0,0,0,0,1
"94AA dry typic sandy plains","WHITE PINE-MIXED HARDWOOD FOREST","94AA","dry","typic","sandy","plains",709,20.9,28.8,7.5,42.5,11.7,0.1,0,5.5,0.1,0,0.6,0.3,0.3,0,1,0.7,0,0,0,0,0,0,0,0,0,0,0,0.8,0,0.1,0,0,0,1
"94AA dry spodic sandy plains","WHITE PINE-MIXED HARDWOOD FOREST","94AA","dry","spodic","sandy","plains",603,8.4,30.7,8.5,41.1,10.3,0.2,0,4.1,0.3,0.3,0.3,0.5,0,0.2,1.2,2,0,0,0,0,0,0,0,0,0,0,0,0.3,0,0,0,0,0,1
"94AA dry typic loamy plains","WHITE PINE-MIXED HARDWOOD FOREST","94AA","dry","typic","loamy","plains",286,7.9,16.8,9.1,50.3,15.4,0,0,2.4,1,1,2.8,0.3,0,0,0.3,0.3,0,0,0,0,0,0,0,0,0,0,0,0,0,0,0,0,0,1
"94AA dry rich sandy plains","WHITE PINE-MIXED HARDWOOD FOREST","94AA","dry","rich","sandy","plains",226,30.1,12.4,8,57.5,15.5,0,0,2.7,0.9,0.4,0,0,0,0,0,0.4,0,0,0,0,0,0,0,0,0,0,0,2.2,0,0,0,0,0,1
"96A dry typic loamy slopes","BEECH-SUGAR MAPLE-HEMLOCK FOREST","96A","dry","typic","loamy","slopes",144,96,0,14.6,41,32.6,1.4,0,0,4.9,0.7,0,1.4,0,0.7,0,2.1,0,0,0,0,0,0,0,0,0,0,0,0.7,0,0,0,0,0,1
"96B dry typic sandy plains","PINE BARRENS","96B","dry","typic","sandy","plains",222,4.4,87.8,0,0,0,0,0,10.8,0,0,0,0,0.5,0,0.9,0,0,0,0,0,0,0,0,0,0,0,0,0,0,0,0,0,0,2
"96B dry typic sandy plains","JACK PINE-RED PINE FOREST","96B","dry","typic","sandy","plains",702,13.9,85.9,0.1,0,0.3,0,0,11.5,0,0.3,0,0,0,0,1.4,0.1,0,0,0,0,0,0,0,0,0,0,0,0,0,0.3,0,0,0,2
"96B moist dysic sandy plains","HEMLOCK-WHITE PINE FOREST","96B","moist","dysic","sandy","plains",130,11.4,29.2,29.2,18.5,10,0,0,4.6,0.8,0,0,3.1,0,0,0.8,3.1,0,0,0,0,0,0,0,0,0,0,0.8,0,0,0,0,0,0,1
"94AA dry typic clayey plains","BEECH-SUGAR MAPLE-HEMLOCK FOREST","94AA","dry","typic","clayey","plains",549,83.2,1.5,20.9,47.4,14.9,3.1,0,0,0.7,5.1,0,0.5,0,0.4,0.4,3.3,0,0,0,0,0,0,0,0,0,0,0,1.6,0,0.2,0,0,0,1
"94AA wet euic mucky plains","BEECH-SUGAR MAPLE-HEMLOCK FOREST","94AA","wet","euic","mucky","plains",118,11.1,1.7,31.4,14.4,16.9,0.8,0,0,0.8,5.9,5.1,18.6,0,0,1.7,1.7,0,0,0,0,0,0,0,0,0,0,0,0.8,0,0,0,0,0,1
"94AA dry typic loamy slopes","BEECH-SUGAR MAPLE-HEMLOCK FOREST","94AA","dry","typic","loamy","slopes",206,97.6,0,14.1,37.4,32,3.4,0,0,2.4,1,0.5,1.9,0.5,1,0,4.9,0,0,0,0,0,0,0,0,0,0,0,1,0,0,0,0,0,1
"94AB dry typic clayey plains","HEMLOCK-WHITE PINE FOREST","94AB","dry","typic","clayey","plains",143,21.6,14.7,28.7,4.2,18.9,2.1,0,0.7,2.8,2.8,2.8,3.5,0.7,2.8,7,6.3,0,1.4,0,0,0,0,0,0,0,0,0,0.7,0,0,0,0,0,1
"98A dry typic loamy plains","WHITE PINE-WHITE OAK FOREST","98A","dry","typic","loamy","plains",185,1.3,25.4,0,5.4,18.9,0,0.5,40,2.7,3.8,1.1,0,0,0,0.5,0,0,0,0,0,0,0,0,0,0,0,0,0.5,0,1.1,0,0,0,5
"98A dry typic sandy plains","MIXED OAK SAVANNA","98A","dry","typic","sandy","plains",268,18.6,1.1,0,0,0.7,0,2.6,94.4,0,0,0,0,0,0,1.1,0,0,0,0,0,0,0,0,0,0,0,0,0,0,0,0,0,0,4
"97A dry typic sandy plains","WHITE PINE-MIXED HARDWOOD FOREST","97A","dry","typic","sandy","plains",287,19.9,35.9,2.1,34.1,5.2,0.3,0.3,18.1,0.3,2.4,0,0,0,0,0,0,0,0,0,0,0,0.3,0,0,0,0,0.7,0,0,0,0,0,0,2
"98A wet euic mucky plains","SHRUB SWAMP/EMERGENT MARSH","98A","wet","euic","mucky","plains",236,14.6,0.4,0.8,0.8,1.3,0,0.4,61,3.4,3,19.1,0,0,0,7.2,0,0,0.8,0,0,0,0,0,0,0,0,0.4,0,0,0.4,0,0.8,0,4
"98A dry rich sandy plains","WHITE PINE-MIXED HARDWOOD FOREST","98A","dry","rich","sandy","plains",291,7.3,18.2,2.4,50.9,16.8,0.7,0,5.2,1.7,1,0.7,0,0,0,0.3,0.3,0,0,0,0,0,0,0,0,0,0,0,0.3,0,1.4,0,0,0,1
"98A dry typic loamy plains","MIXED OAK SAVANNA","98A","dry","typic","loamy","plains",3517,25.1,0,0,0,0.1,0.1,5.3,93.3,0.3,0.2,0.1,0,0,0,0.4,0,0,0,0,0,0,0,0,0,0,0,0.1,0,0,0.1,0,0,0,4
"98A dry rich sandy plains","MIXED OAK SAVANNA","98A","dry","rich","sandy","plains",1015,25.5,0,0,0,0,0,2.3,96.9,0.1,0,0,0,0,0,0.7,0,0,0,0,0,0,0,0,0,0,0,0,0,0,0,0,0,0,4
"98A dry typic sandy plains","MIXED OAK FOREST","98A","dry","typic","sandy","plains",111,7.7,3.6,0,0.9,0,0,1.8,93.7,0,0,0,0,0,0,0,0,0,0,0,0,0,0,0,0,0,0,0,0,0,0,0,0,0,4
"98A dry rich sandy plains","BEECH-SUGAR MAPLE FOREST","98A","dry","rich","sandy","plains",295,7.4,4.4,0.7,44.1,13.9,3.7,1,15.3,4.1,4.4,0,0,0,0,2.4,0.7,0,0,0,0,0,0,0,0,1,0,0,3.7,0,0.7,0,0,0,5
"98A dry typic loamy plains","WHITE PINE-MIXED HARDWOOD FOREST","98A","dry","typic","loamy","plains",755,5.4,16.6,2.6,53.6,13,0.9,0,5.7,1.2,2.5,0.8,0,0,0,0.7,1.5,0,0,0,0,0,0,0.1,0,0,0,0,0.7,0,0.1,0,0,0,1
"98A dry typic loamy plains","MIXED CONIFER SWAMP","98A","dry","typic","loamy","plains",158,1.1,3.8,3.2,3.2,3.8,0,0,24.7,1.3,8.9,41.8,4.4,2.5,0,0.6,0.6,0,0,0,0,0,0,0,0,0,0,0,0,0,0.6,0,0.6,0,3
"98A dry typic sandy plains","WHITE PINE-MIXED HARDWOOD FOREST","98A","dry","typic","sandy","plains",262,18.1,25.2,1.9,50.8,9.2,1.5,0,6.5,0.4,1.9,0.4,0,0.4,0,0,0.8,0,0,0,0,0,0,0,0,0,0,0.4,0.8,0,0,0,0,0,1
"98A dry typic loamy plains","BEECH-SUGAR MAPLE FOREST","98A","dry","typic","loamy","plains",2105,15,0.5,0.5,50.7,16.3,4.4,1.2,9.7,3.4,6.5,0.1,0,0,0,1.4,0.5,0,0,0,0,0,0,0,0,0.7,0,0,2.9,0,0.7,0,0,0.2,5
"98A moist typic loamy plains","BEECH-SUGAR MAPLE FOREST","98A","moist","typic","loamy","plains",1921,51.5,0.3,0.5,46.2,19.4,5.5,1.6,6.1,6.4,9.3,0.1,0,0,0,0.8,0.5,0,0,0,0.1,0,0.1,0,0,0.1,0,0,2.2,0.1,0.7,0,0,0,5
"98A moist euic sandy plains","BEECH-SUGAR MAPLE FOREST","98A","moist","euic","sandy","plains",146,27.1,4.1,0.7,42.5,19.9,5.5,0,7.5,4.8,9.6,0,0,0,0,0.7,4.1,0,0,0,0,0,0,0,0,0.7,0,0,0,0,0,0,0,0,1
"97A dry typic sandy plains","BEECH-SUGAR MAPLE FOREST","97A","dry","typic","sandy","plains",225,15.6,2.2,9.8,56.4,17.3,2.7,0,4,3.1,1.8,0,0,0,0,0,1.3,0,0,0,0,0,0,0,0,0,0,0,1.3,0,0,0,0,0,1
"97A dry rich sandy plains","BEECH-SUGAR MAPLE FOREST","97A","dry","rich","sandy","plains",230,39.8,0.4,0.4,60.4,20.4,3,0,4.8,2.6,1.7,0,0,0,0,1.3,1.3,0,0,0,0,0,0,0,0,0.4,0,0,1.3,0,1.7,0,0,0,1
"98A wet euic mucky plains","MIXED HARDWOOD SWAMP","98A","wet","euic","mucky","plains",205,12.7,3.9,1,4.4,7.8,3.4,0.5,10.7,18.5,28.3,6.8,1.5,0,0,4.4,7.3,0,0,0,0,0,0,0,0,0.5,0,0,0.5,0,0.5,0,0,0,5
"97A dry typic clayey plains","BEECH-SUGAR MAPLE FOREST","97A","dry","typic","clayey","plains",233,74.9,0,0,50.6,27,5.2,0.9,2.6,3.4,3.9,0,0,0,0,0.4,0.4,0,0,0,0,0,0,0.9,0,0.4,0,0,3.9,0,0.4,0,0,0,1
"97A dry typic sandy plains","WHITE PINE-WHITE OAK FOREST","97A","dry","typic","sandy","plains",378,26.2,51.6,1.1,0.8,0.8,0,0,41.5,0,0.3,0,0,0.8,0,2.1,0.5,0,0,0,0,0,0.3,0,0,0,0,0,0,0,0.3,0,0,0,2
"97A moist dysic sandy plains","BEECH-SUGAR MAPLE-HEMLOCK FOREST","97A","moist","dysic","sandy","plains",143,29.4,8.4,37.8,35,4.2,0,0,2.1,1.4,6.3,0,0,0,0,0,4.2,0,0,0,0,0,0,0,0,0,0,0,0,0.7,0,0,0,0,1
"97A dry typic sandy plains","BEECH-SUGAR MAPLE-HEMLOCK FOREST","97A","dry","typic","sandy","plains",217,15,6.5,35.9,51.2,1.8,0.9,0,0.5,0.5,0.5,0,0,0,0,0,0,0,0,0,0,0,0,0,0,0,0,0.5,1.8,0,0,0,0,0,1
"97A moist dysic sandy plains","WHITE PINE-WHITE OAK FOREST","97A","moist","dysic","sandy","plains",113,23.2,42.5,3.5,6.2,2.7,0,0,38.1,0,2.7,0,0,1.8,0,0.9,0,0,0,0,0,0,0,0,0,0,0,0,0,0.9,0,0,0,0.9,2
"97A dry typic sandy plains","OAK/PINE BARRENS","97A","dry","typic","sandy","plains",158,10.9,53.2,0,0,0,0,0,45.6,0,0,0,0,0,0,0.6,0,0,0,0,0,0,0,0,0,0,0,0,0,0,0.6,0,0,0,2
"98A wet euic mucky plains","MIXED CONIFER SWAMP","98A","wet","euic","mucky","plains",576,35.7,2.1,2.6,1.7,2.8,0.5,0,6.2,3,7.1,67.7,2.1,2.1,0,0.7,1.2,0,0,0,0,0,0,0,0,0,0,0,0,0,0,0,0.2,0,3
"98A dry typic sandy plains","BEECH-SUGAR MAPLE-HEMLOCK FOREST","98A","dry","typic","sandy","plains",114,7.9,15.8,24.6,38.6,9.6,2.6,0,0.9,0.9,2.6,3.5,0,0,0,0,0,0,0,0,0,0,0,0,0,0,0,0,0.9,0,0,0,0,0,1
"98A moist euic mucky plains","MIXED CONIFER SWAMP","98A","moist","euic","mucky","plains",150,22.5,3.3,3.3,2.7,2,0.7,0.7,20.7,1.3,6,49.3,0,2.7,0,2,3.3,0,0,0,0,0,0,0,0,0,0,0,0.7,0,0,0,1.3,0,3
"98A dry rich sandy plains","BEECH-SUGAR MAPLE-HEMLOCK FOREST","98A","dry","rich","sandy","plains",116,2.9,14.7,17.2,41.4,12.9,1.7,0.9,3.4,1.7,1.7,0,0,0,0,0,1.7,0,0,0,0,0,0,0,0,0,0,0,2.6,0,0,0,0,0,1
"98A dry typic loamy plains","MIXED HARDWOOD SWAMP","98A","dry","typic","loamy","plains",100,0.7,0,0,11,7,3,0,30,13,17,4,0,0,0,6,6,0,0,0,0,0,0,0,0,0,0,0,2,1,0,0,0,0,5
"98A dry typic loamy plains","BEECH-SUGAR MAPLE-HEMLOCK FOREST","98A","dry","typic","loamy","plains",183,1.3,6,22.4,47.5,13.1,2.2,0.5,0,1.1,1.1,1.6,0,0,0,1.1,1.6,0,0,0,0,0,0,0,0,0,0,0,1.6,0,0,0,0,0,1
"98A wet typic clayey plains","BEECH-SUGAR MAPLE FOREST","98A","wet","typic","clayey","plains",194,28.1,1,0,20.6,13.4,9.8,1.5,10.3,19.1,19.1,0,0,0,0,0.5,0.5,0,0,0,0,0,0.5,0,0,1,0,0,2.6,0,0,0,0,0,5
"98A moist typic clayey plains","BEECH-SUGAR MAPLE FOREST","98A","moist","typic","clayey","plains",1535,61.1,0.5,0.4,43,21.2,6.8,1.7,6.6,5.8,8.3,0.1,0,0,0,0.7,0.3,0,0,0,0,0,0.1,0.1,0,0.2,0,0.2,3.2,0.1,0.8,0,0.1,0,5
"98A dry typic loamy plains","SHRUB SWAMP/EMERGENT MARSH","98A","dry","typic","loamy","plains",126,0.9,2.4,0,2.4,0.8,0,2.4,70.6,3.2,4,3.2,0,0,0,9.5,1.6,0,0,0,0,0,0,0,0,0,0,0,0,0,0,0,0,0,4
"98A dry typic clayey plains","BEECH-SUGAR MAPLE FOREST","98A","dry","typic","clayey","plains",499,31.7,1,1.2,45.5,22.6,3,1,9.2,6.8,5.6,0,0,0,0,0,0,0,0,0,0,0,0,0,0,0,0,0,3.2,0.2,0.6,0,0,0,1
"98A moist typic loamy plains","MIXED HARDWOOD SWAMP","98A","moist","typic","loamy","plains",157,4.2,1.3,0,14.6,11.5,3.2,2.5,15.3,21,19.1,1.3,0,0,0,4.5,1.9,0,0,0,0,0,0,0,0,1.3,0,0,0,1.3,1.3,0,0,0,5
"98A moist typic clayey plains","MIXED HARDWOOD SWAMP","98A","moist","typic","clayey","plains",135,5.4,0,0,3,9.6,4.4,0,8.9,22.2,22.2,3,0,0,0,11.1,0.7,0,0.7,0,0,0,0,0,0,0,0,0,7.4,0.7,3,0,3,0,5
"94AA dry spodic sandy plains","MIXED PINE-OAK FOREST","94AA","dry","spodic","sandy","plains",116,1.6,56,1.7,8.6,4.3,0,0,23.3,0,0,0,0,0,0,6,0,0,0,0,0,0,0,0,0,0,0,0,0,0,0,0,0,0,2
"99B moist typic clayey plains","BEECH-SUGAR MAPLE-HEMLOCK FOREST","99B","moist","typic","clayey","plains",210,19.8,3.3,40,20.5,12.4,4.8,0,1.4,4.3,5.2,0,2.4,0,0,0.5,4.8,0,0,0,0,0,0,0,0,0,0,0,0.5,0,0,0,0,0,1
"99B moist euic sandy plains","BEECH-SUGAR MAPLE-HEMLOCK FOREST","99B","moist","euic","sandy","plains",180,11.1,7.2,35.6,18.9,18.3,1.7,0,3.3,2.8,5.6,0,2.2,0,0,0,4.4,0,0,0,0,0,0,0,0,0,0,0,0,0,0,0,0,0,1
"99A moist typic loamy plains","MIXED HARDWOOD SWAMP","99A","moist","typic","loamy","plains",242,23.8,0.8,0,13.6,4.5,7,5,28.5,13.2,15.7,0,0,0,0,5,0.4,0,0,0,0,0,0,0,0,0.4,0,0,1.7,1.7,0.4,0,0,2.1,5
"99A wet typic clayey plains","BEECH-SUGAR MAPLE FOREST","99A","wet","typic","clayey","plains",737,43.7,0,0,12.2,10.4,8.8,6.9,18.2,10.4,24.8,0,0,0,0,1.8,1.9,0,0,0,0,0.1,0.1,0.1,0,0.4,0,0.1,2.3,1.2,0,0,0,0,5
"99A moist euic sandy plains","BEECH-SUGAR MAPLE FOREST","99A","moist","euic","sandy","plains",397,36.4,0.5,0.5,15.4,7.6,4.5,3.3,48.1,2.3,9.3,0,0,0,0,4.3,1.3,0,0,0,0,0,0.3,0,0,0.5,0,0,1.5,0.3,0,0,0,0.5,5
"99A moist typic clayey plains","MIXED HARDWOOD SWAMP","99A","moist","typic","clayey","plains",290,16.6,0,0,14.8,9.3,10.7,5.2,13.4,14.5,25.2,0.3,0,0,0,1,0.3,0,0.3,0,0,0,0,0,0,0,0,0,3.4,1,0,0,0.3,0,5
"99A wet typic clayey plains","MIXED HARDWOOD SWAMP","99A","wet","typic","clayey","plains",708,42,0,0,7.6,9.7,8.8,4.9,12.7,15,28.8,0,0,0,0,4.7,0.6,0,0,0,0,0,0,0.1,0,0,0,0.1,2,4.7,0,0,0.3,0,5
"99A dry typic loamy plains","BEECH-SUGAR MAPLE FOREST","99A","dry","typic","loamy","plains",212,58.1,0.5,1.4,28.3,11.3,7.1,2.4,21.7,6.6,14.6,0,0,0,0,2.8,0,0,0,0,0,0,0,0,0,0.5,0,0,2.4,0,0.5,0,0,0,5
"99A moist typic clayey plains","BEECH-SUGAR MAPLE FOREST","99A","moist","typic","clayey","plains",1268,72.5,1.2,0,20.6,13.9,7.4,5.3,17.7,9.6,16.8,0.2,0,0,0,1.4,1.6,0,0,0,0.1,0,0,0,0,0.6,0,0,2.5,0.6,0.5,0.1,0,0.1,5
"99A moist euic sandy plains","MIXED HARDWOOD SWAMP","99A","moist","euic","sandy","plains",151,13.9,3.3,1.3,11.3,16.6,4.6,0,31.8,11.3,14.6,0,0,0,0,2,2,0,0,0,0,0,0,0,0,0,0,0.7,0,0,0,0,0,0.7,5
"98A wet typic loamy plains","BEECH-SUGAR MAPLE FOREST","98A","wet","typic","loamy","plains",161,25.6,0,1.2,34.8,11.2,8.7,0.6,3.1,14.9,18.6,0,0,0,0,1.2,1.2,0,0,0,0,0,0,0.6,0,0.6,0,0,1.2,0.6,1.2,0,0,0,5
"98A wet euic mucky plains","WET PRAIRIE","98A","wet","euic","mucky","plains",297,18.4,0,0,0,0.3,0,0.7,72.4,6.7,1.3,11.1,0,0,0,6.7,0,0,0,0,0,0,0,0,0,0,0,0,0,0,0.7,0,0,0,4
"98A dry typic loamy plains","OAK-HICKORY FOREST","98A","dry","typic","loamy","plains",3282,23.4,0.3,0,2.3,1.1,0.7,6.2,82.7,1.4,2,0.1,0,0,0,1.3,0,0,0,0.1,0,0,0.1,0,0,0.2,0,0.1,1,0,0.4,0,0,0.1,4
"98A moist typic loamy plains","MIXED OAK SAVANNA","98A","moist","typic","loamy","plains",281,7.5,0.7,0,0,0.4,0,1.8,92.9,2.1,0.4,0,0,0,0,1.4,0,0,0,0,0,0,0,0,0,0,0,0,0,0,0,0,0.4,0,4
"98A dry typic loamy plains","BLACK OAK BARREN","98A","dry","typic","loamy","plains",2195,15.6,0.3,0,0,0.2,0.1,4.7,92.8,0.7,0.3,0,0,0,0,0.5,0,0,0,0,0,0,0,0,0,0,0,0,0.1,0,0,0,0,0,4
"98A dry rich sandy plains","BLACK OAK BARREN","98A","dry","rich","sandy","plains",765,19.2,0.9,0,0.3,0,0,2.1,94.6,0.5,0.4,0.3,0,0,0,0.8,0,0,0,0,0,0,0,0,0,0,0,0,0.1,0,0,0,0,0,4
"98A dry typic sandy plains","OAK-HICKORY FOREST","98A","dry","typic","sandy","plains",268,18.6,0.4,0,3,1.9,0.4,2.2,87.3,0.7,0.7,0,0,0,0,1.9,0,0,0,0,0,0,0,0,0,0,0,0,1.5,0,0,0,0,0,4
"98A moist typic loamy plains","BLACK OAK BARREN","98A","moist","typic","loamy","plains",171,4.6,0,0,0.6,1.2,0,3.5,88.3,1.2,1.8,1.2,0,0,0,2.3,0,0,0,0,0,0,0,0,0,0,0,0,0,0,0,0,0,0,4
"111BA dry typic loamy plains","BEECH-SUGAR MAPLE FOREST","111BA","dry","typic","loamy","plains",199,14.4,0,0,31.7,11.6,4.5,3.5,22.6,4.5,9.5,0.5,0,0,0,3.5,0,0,0,0,0,0.5,1.5,0,0,1,0,0,3.5,0,1.5,0,0,0,5
"111BA dry typic clayey plains","BEECH-SUGAR MAPLE FOREST","111BA","dry","typic","clayey","plains",215,29.9,0,0,43.7,11.6,2.8,0.9,15.8,3.3,11.2,0,0,0,0,2.8,0,0.5,0,0,0,0,0,0,0,0,0,0,5.6,0,1.4,0,0,0.5,5
"111BA moist typic clayey plains","BEECH-SUGAR MAPLE FOREST","111BA","moist","typic","clayey","plains",511,40.5,0,0,41.1,13.3,4.5,3.5,11.4,7,12.3,0,0,0,0,1,0,0,0,0,0,0,0.2,0.2,0,0.2,0,0,4.3,0,0.4,0,0.4,0.2,5
"111BA dry typic loamy plains","OAK-HICKORY FOREST","111BA","dry","typic","loamy","plains",383,27.7,0,0,1,1.6,1,9.4,77.5,3.1,2.3,0,0,0,0,1.3,0,0,0,0,0,0,0.3,0,0,0.5,0.3,0,1.3,0,0.3,0,0,0,4
"111BA dry typic clayey plains","OAK-HICKORY FOREST","111BA","dry","typic","clayey","plains",271,37.6,0.4,0,1.8,1.1,4.4,14,64.2,4.4,5.5,0,0,0,0,2.6,0,0,0,0,0,0,0,0,0,0,0,0,1.1,0,0.4,0,0,0,4
"111BA moist typic clayey plains","OAK-HICKORY FOREST","111BA","moist","typic","clayey","plains",503,39.9,0,0,0.4,3.6,2.4,15.3,60,5.2,8,0,0,0,0,0.6,0,0,0,0,0,0,0,0,0,0.8,0,0,3.8,0,0,0,0,0,4
"99B wet euic mucky plains","MIXED CONIFER SWAMP","99B","wet","euic","mucky","plains",117,59.1,5.1,0,0.9,4.3,0,0,0,0.9,7.7,41,17.9,18.8,0,0,3.4,0,0,0,0,0,0,0,0,0,0,0,0,0,0,0,0,0,3
"99B moist typic clayey plains","HEMLOCK-WHITE PINE FOREST","99B","moist","typic","clayey","plains",135,12.7,8.1,48.9,6.7,13.3,0.7,0,1.5,7.4,7.4,0,0.7,0,0,0.7,3,0,0,0,0,0,0,0,0,0,0,0,0.7,0,0.7,0,0,0,1
"99B moist euic sandy plains","HEMLOCK-WHITE PINE FOREST","99B","moist","euic","sandy","plains",650,40,16.3,40.6,8,12.3,0.8,0.3,2.8,4.3,7.7,0.3,0.5,0,0,0.8,4.6,0,0,0,0,0,0,0,0,0.2,0,0.2,0.5,0,0,0,0,0,1
"99B moist euic sandy plains","MIXED CONIFER SWAMP","99B","moist","euic","sandy","plains",143,8.8,16.8,13.3,2.1,10.5,0.7,0,2.1,2.8,6.3,16.1,21.7,2.1,0.7,1.4,3.5,0,0,0,0,0,0,0,0,0,0,0,0,0,0,0,0,0,3
"99B moist dysic sandy plains","HEMLOCK-WHITE PINE FOREST","99B","moist","dysic","sandy","plains",218,42.4,23.4,38.1,13.8,10.1,0,0,2.3,1.4,2.8,0.5,0.9,0,0,0.9,6,0,0,0,0,0,0,0,0,0,0,0,0,0,0,0,0,0,1
"99B wet typic loamy plains","MIXED HARDWOOD SWAMP","99B","wet","typic","loamy","plains",228,14.9,0.9,2.2,3.5,11,3.9,1.8,7.5,27.2,29.4,0.9,3.9,0,0,1.3,3.9,0,0,0,0,0,0,0,0,0,0,0,0.9,0,0,0,1.8,0,5
"99B moist typic loamy plains","HEMLOCK-WHITE PINE FOREST","99B","moist","typic","loamy","plains",804,31.2,5.8,36.3,12.4,10.9,4,0.1,1.2,6.6,8,0.1,6.1,0,1.1,1.7,5.2,0,0,0,0,0,0,0,0,0,0,0,0,0.2,0,0,0,0,1
"99B moist typic loamy plains","BEECH-SUGAR MAPLE-HEMLOCK FOREST","99B","moist","typic","loamy","plains",203,7.9,4.9,40.9,19.7,11.8,2.5,0,2,5.4,3.9,0,3,0,1.5,0,3.4,0,0,0,0,0,0,0,0,0,0,0,0.5,0,0.5,0,0,0,1
"98A moist typic loamy plains","OAK-HICKORY FOREST","98A","moist","typic","loamy","plains",650,17.4,0.5,0,5.2,2.5,2.8,4.6,68,4.3,6.3,0.5,0,0,0,1.8,0,0,0,0.2,0.2,0,0.3,0,0,0.3,0,0.5,1.7,0.2,0.3,0,0,0,4
"99A moist typic loamy plains","BEECH-SUGAR MAPLE FOREST","99A","moist","typic","loamy","plains",600,59,0.5,0.5,18.7,11.2,8.7,4.2,22.5,9.5,15,0,0,0,0,2.7,1.3,0,0,0,0,0,0,0,0,0.5,0,0,3.8,0.5,0.2,0,0,0.3,5
"99B moist typic loamy plains","BEECH-SUGAR MAPLE FOREST","99B","moist","typic","loamy","plains",962,37.4,1.1,9.5,31.9,18.9,7.8,0.9,6.3,9.3,7,0,0.7,0,0,1.6,3.2,0,0,0,0,0,0,0,0,0,0,0,1.5,0.3,0,0,0,0,5
"99B moist euic sandy plains","BEECH-SUGAR MAPLE FOREST","99B","moist","euic","sandy","plains",322,19.8,4,6.8,34.8,15.8,5.3,1.2,7.8,8.7,7.5,0,0.6,0,0,0.9,2.8,0,0,0,0,0,0,0,0,0.3,0,0,2.8,0.3,0.3,0,0,0,5
"98A dry typic clayey plains","OAK-HICKORY FOREST","98A","dry","typic","clayey","plains",421,26.8,0.2,0.2,2.9,4,1.4,5.5,78.6,2.4,3.1,0,0,0,0,0.7,0,0,0,0,0,0,0,0,0,0.2,0,0,0.7,0,0,0,0,0,4
"98A dry rich sandy plains","OAK-HICKORY FOREST","98A","dry","rich","sandy","plains",985,24.7,1,0,1.3,0.8,0.2,2.4,90.3,0.7,1.1,0,0,0,0,1.3,0.2,0,0,0,0,0,0.1,0,0,0.2,0,0,0.2,0,0.1,0,0,0,4
"98A moist typic clayey plains","OAK-HICKORY FOREST","98A","moist","typic","clayey","plains",390,15.5,0.3,0.3,6.2,6.2,1.8,6.7,60.5,6.4,7.7,0,0,0,0,1.5,0,0,0,0,0,0,0,0,0,0.3,0,0,1.8,0,0.5,0,0,0,4
"111BA dry typic loamy plains","BLACK OAK BARREN","111BA","dry","typic","loamy","plains",486,35.1,0.6,0,0,0,0.2,3.9,92.4,0.4,0.6,0.2,0,0,0,1.2,0,0,0,0,0,0,0,0,0,0,0,0,0.2,0,0.2,0,0,0,4
"111BA moist typic loamy plains","OAK-HICKORY FOREST","111BA","moist","typic","loamy","plains",102,31.9,0,0,0,4.9,3.9,5.9,57.8,10.8,9.8,0,0,0,0,2.9,0,0,0,0,0,0,0,0,0,2,0,0,0,2,0,0,0,0,4
"111BA dry typic loamy plains","MIXED OAK SAVANNA","111BA","dry","typic","loamy","plains",160,11.6,0,0,0,0,1.2,2.5,90,0.6,1.9,1.2,0,0,0,1.9,0,0,0,0,0,0,0,0,0,0.6,0,0,0,0,0,0,0,0,4
"111BA dry typic loamy plains","MIXED OAK FOREST","111BA","dry","typic","loamy","plains",112,8.1,0,0,0,0,0,2.7,95.5,0,0.9,0.9,0,0,0,0,0,0,0,0,0,0,0,0,0,0,0,0,0,0,0,0,0,0,4
"111BA dry rich sandy plains","BLACK OAK BARREN","111BA","dry","rich","sandy","plains",120,39.7,1.7,0,0,0,0,1.7,96.7,0,0,0,0,0,0,0,0,0,0,0,0,0,0,0,0,0,0,0,0,0,0,0,0,0,4
"99B moist typic loamy plains","MIXED CONIFER SWAMP","99B","moist","typic","loamy","plains",169,6.6,3.6,27.8,1.2,4.1,1.2,0,0,3.6,13,7.1,23.1,0.6,5.9,1.8,6.5,0,0,0,0,0,0,0,0,0.6,0,0,0,0,0,0,0,0,3
"99B moist typic clayey plains","BEECH-SUGAR MAPLE FOREST","99B","moist","typic","clayey","plains",592,55.8,1.4,5.7,34.5,17.4,7.9,1.2,5.1,7.9,8.4,0.3,0.2,0,0.2,0.7,3.4,0,0,0,0,0,0,0,0,0.3,0,0,4.7,0,0.3,0,0.3,0,5
"99B wet typic loamy plains","MIXED CONIFER SWAMP","99B","wet","typic","loamy","plains",287,18.8,6.6,4.9,0,5.9,0.3,0,0.3,2.4,23.7,32.4,13.9,2.1,2.4,0,4.9,0,0,0,0,0,0,0,0,0,0,0,0,0,0,0,0,0,3
"99B wet typic clayey plains","BEECH-SUGAR MAPLE FOREST","99B","wet","typic","clayey","plains",139,39.5,2.2,0,16.5,21.6,15.8,2.9,3.6,18.7,15.1,0,0.7,0,0,0,2.2,0,0,0,0,0,0,0,0,0,0,0,0.7,0,0,0,0,0,5
"99B wet typic loamy plains","BEECH-SUGAR MAPLE FOREST","99B","wet","typic","loamy","plains",529,34.7,0.6,3.4,15.5,18.1,12.5,2.5,6.8,18.5,16.1,0.8,0,0,0,0,4.5,0,0,0,0,0,0,0,0,0.2,0,0,0.6,0,0,0,0,0,5
"99B moist typic loamy plains","MIXED HARDWOOD SWAMP","99B","moist","typic","loamy","plains",174,6.8,1.7,12.6,9.2,13.8,11.5,0,3.4,16.1,15.5,1.7,6.9,0,0.6,2.9,3.4,0,0,0,0,0,0,0,0,0,0,0,0.6,0,0,0,0,0,5
"99B dry typic loamy plains","BEECH-SUGAR MAPLE FOREST","99B","dry","typic","loamy","plains",308,63.6,5.2,16.6,44.8,17.9,5.8,0.6,1.9,1.6,1.9,0,0.3,0,0,0.3,1.9,0,0,0,0,0,0,0,0,0,0,0,1,0,0,0,0,0,1
"98A dry typic loamy plains","GRASSLAND","98A","dry","typic","loamy","plains",191,1.4,0,0,0,0.5,0.5,2.1,94.8,0,0,0,0,0,0,0.5,0,0,0,0,0,0,0,0,0,0.5,0,0,0,0,1,0,0,0,4
"99B moist euic sandy plains","MIXED HARDWOOD SWAMP","99B","moist","euic","sandy","plains",115,7.1,14.8,10.4,4.3,17.4,2.6,0.9,1.7,7.8,15.7,4.3,4.3,0,0,0.9,9.6,0,0.9,0,0,0,0,0,0,0,0,0.9,1.7,0,0,0,1.7,0,5
"99B wet typic loamy plains","HEMLOCK-WHITE PINE FOREST","99B","wet","typic","loamy","plains",161,10.6,5.6,19.9,9.9,10.6,8.1,0,1.9,10.6,14.9,0,6.8,0,1.9,3.7,5,0,0,0,0,0,0,0,0,0,0,0,1.2,0,0,0,0,0,5
"99B wet typic loamy plains","BLACK ASH SWAMP","99B","wet","typic","loamy","plains",125,8.2,5.6,2.4,0,10.4,0,0,1.6,12.8,52.8,0,7.2,0,0.8,0,5.6,0,0,0,0,0,0,0,0,0,0,0,0,0,0,0,0.8,0,5
"98A dry typic sandy plains","BLACK OAK BARREN","98A","dry","typic","sandy","plains",192,13.3,1.6,0,0,0,0,2.6,95.3,0,0,0,0,0,0,0.5,0,0,0,0,0,0,0,0,0,0,0,0,0,0,0,0,0,0,4
"99A moist euic sandy plains","MIXED OAK FOREST","99A","moist","euic","sandy","plains",159,14.6,0,0,0,1.3,0,1.3,95.6,0.6,0.6,0,0,0,0,0.6,0,0,0,0,0,0,0,0,0,0,0,0,0,0,0,0,0,0,4
"99A moist euic sandy plains","WET PRAIRIE","99A","moist","euic","sandy","plains",113,10.4,2.7,0,0,8,0.9,0,57.5,10.6,8,0,0,0,0,9.7,0,0,0,0,0,0,0,0,0,0,0,1.8,0,0,0,0,0,0.9,4
"98A dry typic clayey plains","MIXED OAK SAVANNA","98A","dry","typic","clayey","plains",120,7.6,0,0,0,0,0.8,0.8,95,0.8,0,0,0,0,0,0.8,0,0,0,0,0,0,0,0,0,0.8,0,0,0.8,0,0,0,0,0,4
"97A dry rich sandy plains","OAK-HICKORY FOREST","97A","dry","rich","sandy","plains",122,21.1,1.6,0,1.6,0.8,0.8,1.6,91,0,0,0,0,0,0,1.6,0,0,0,0,0,0,0,0,0,0,0,0,0.8,0,0,0,0,0,4
"98A dry typic loamy plains","MIXED OAK FOREST","98A","dry","typic","loamy","plains",1057,7.5,0,0,0.1,0.3,0.1,7.3,90.2,0.3,0.6,0.1,0,0,0,0.7,0,0,0,0,0,0,0,0,0,0,0,0,0.3,0,0.2,0,0,0,4
"98A dry typic clayey plains","MIXED OAK FOREST","98A","dry","typic","clayey","plains",107,6.8,0,0,0.9,3.7,0,0,89.7,0.9,2.8,1.9,0,0,0,0,0,0,0,0,0,0,0,0,0,0,0,0,0,0,0,0,0,0,4
"98A dry typic clayey plains","BLACK OAK BARREN","98A","dry","typic","clayey","plains",133,8.5,0,0,0,1.5,0,6,85,0.8,0.8,0.8,0,0,0,3.8,0,0,0,0,0,0,0,0,0,0,0,0,1.5,0,0,0,0,0,4
"98A dry rich sandy plains","MIXED OAK FOREST","98A","dry","rich","sandy","plains",335,8.4,0.3,0,0,0,0,3.9,94.9,0.3,0.3,0,0,0,0,0.3,0,0,0,0,0,0,0,0,0,0,0,0,0,0,0,0,0,0,4
"99A moist euic sandy plains","MIXED OAK SAVANNA","99A","moist","euic","sandy","plains",211,19.4,0,0,0,2.8,0.5,0,87.2,2.8,2.8,0.9,0,0,0,0.9,0,0,0,0,0,0,0,0,0,0,0,0.9,0.5,0,0.5,0,0,0,4
"98A dry typic loamy plains","WET PRAIRIE","98A","dry","typic","loamy","plains",108,0.8,0,0,0,0.9,0.9,2.8,83.3,0.9,1.9,5.6,0,0,0,2.8,0,0,0,0,0,0,0,0,0,0,0,0,0,0,0,0,0.9,0,4
"99A wet typic clayey plains","BLACK ASH SWAMP","99A","wet","typic","clayey","plains",120,7.1,0,0,3.3,6.7,10.8,3.3,12.5,14.2,40,0,0,0,0,3.3,1.7,0,0,0,0,0,0.8,0,0,0,0,0,0,3.3,0,0,0,0,5
